#pragma once
// Automatisch generiert aus Clawd-Tank-SVG-Assets (marciogranzotto/clawd-tank,
// assets/svg-animations/) per tools/svg_to_rgb565.py. Statische Basis-Pose je
// Zustand (SVG-CSS-Animation wird beim Rendern nicht ausgewertet).
#include <Arduino.h>
#define SPRITE_SIZE 64

const uint16_t sprite_IDLE[64*64] PROGMEM = {
  0x0000,0x0000,0x0000,0x0000,0x0000,0x0000,0x0000,0x0000,0x0000,0x0000,0x0000,0x0000,0x0000,0x0000,0x0000,0x0000,
  0x0000,0x0000,0x0000,0x0000,0x0000,0x0000,0x0000,0x0000,0x0000,0x0000,0x0000,0x0000,0x0000,0x0000,0x0000,0x0000,
  0x0000,0x0000,0x0000,0x0000,0x0000,0x0000,0x0000,0x0000,0x0000,0x0000,0x0000,0x0000,0x0000,0x0000,0x0000,0x0000,
  0x0000,0x0000,0x0000,0x0000,0x0000,0x0000,0x0000,0x0000,0x0000,0x0000,0x0000,0x0000,0x0000,0x0000,0x0000,0x0000,
  0x0000,0x0000,0x0000,0x0000,0x0000,0x0000,0x0000,0x0000,0x0000,0x0000,0x0000,0x0000,0x0000,0x0000,0x0000,0x0000,
  0x0000,0x0000,0x0000,0x0000,0x0000,0x0000,0x0000,0x0000,0x0000,0x0000,0x0000,0x0000,0x0000,0x0000,0x0000,0x0000,
  0x0000,0x0000,0x0000,0x0000,0x0000,0x0000,0x0000,0x0000,0x0000,0x0000,0x0000,0x0000,0x0000,0x0000,0x0000,0x0000,
  0x0000,0x0000,0x0000,0x0000,0x0000,0x0000,0x0000,0x0000,0x0000,0x0000,0x0000,0x0000,0x0000,0x0000,0x0000,0x0000,
  0x0000,0x0000,0x0000,0x0000,0x0000,0x0000,0x0000,0x0000,0x0000,0x0000,0x0000,0x0000,0x0000,0x0000,0x0000,0x0000,
  0x0000,0x0000,0x0000,0x0000,0x0000,0x0000,0x0000,0x0000,0x0000,0x0000,0x0000,0x0000,0x0000,0x0000,0x0000,0x0000,
  0x0000,0x0000,0x0000,0x0000,0x0000,0x0000,0x0000,0x0000,0x0000,0x0000,0x0000,0x0000,0x0000,0x0000,0x0000,0x0000,
  0x0000,0x0000,0x0000,0x0000,0x0000,0x0000,0x0000,0x0000,0x0000,0x0000,0x0000,0x0000,0x0000,0x0000,0x0000,0x0000,
  0x0000,0x0000,0x0000,0x0000,0x0000,0x0000,0x0000,0x0000,0x0000,0x0000,0x0000,0x0000,0x0000,0x0000,0x0000,0x0000,
  0x0000,0x0000,0x0000,0x0000,0x0000,0x0000,0x0000,0x0000,0x0000,0x0000,0x0000,0x0000,0x0000,0x0000,0x0000,0x0000,
  0x0000,0x0000,0x0000,0x0000,0x0000,0x0000,0x0000,0x0000,0x0000,0x0000,0x0000,0x0000,0x0000,0x0000,0x0000,0x0000,
  0x0000,0x0000,0x0000,0x0000,0x0000,0x0000,0x0000,0x0000,0x0000,0x0000,0x0000,0x0000,0x0000,0x0000,0x0000,0x0000,
  0x0000,0x0000,0x0000,0x0000,0x0000,0x0000,0x0000,0x0000,0x0000,0x0000,0x0000,0x0000,0x0000,0x0000,0x0000,0x0000,
  0x0000,0x0000,0x0000,0x0000,0x0000,0x0000,0x0000,0x0000,0x0000,0x0000,0x0000,0x0000,0x0000,0x0000,0x0000,0x0000,
  0x0000,0x0000,0x0000,0x0000,0x0000,0x0000,0x0000,0x0000,0x0000,0x0000,0x0000,0x0000,0x0000,0x0000,0x0000,0x0000,
  0x0000,0x0000,0x0000,0x0000,0x0000,0x0000,0x0000,0x0000,0x0000,0x0000,0x0000,0x0000,0x0000,0x0000,0x0000,0x0000,
  0x0000,0x0000,0x0000,0x0000,0x0000,0x0000,0x0000,0x0000,0x0000,0x0000,0x0000,0x0000,0x0000,0x0000,0x0000,0x0000,
  0x0000,0x0000,0x0000,0x0000,0x0000,0x0000,0x0000,0x0000,0x0000,0x0000,0x0000,0x0000,0x0000,0x0000,0x0000,0x0000,
  0x0000,0x0000,0x0000,0x0000,0x0000,0x0000,0x0000,0x0000,0x0000,0x0000,0x0000,0x0000,0x0000,0x0000,0x0000,0x0000,
  0x0000,0x0000,0x0000,0x0000,0x0000,0x0000,0x0000,0x0000,0x0000,0x0000,0x0000,0x0000,0x0000,0x0000,0x0000,0x0000,
  0x0000,0x0000,0x0000,0x0000,0x0000,0x0000,0x0000,0x0000,0x0000,0x0000,0x0000,0x0000,0x0000,0x0000,0x0000,0x0000,
  0x0000,0x0000,0x0000,0x0000,0x0000,0x0000,0x0000,0x0000,0x0000,0x0000,0x0000,0x0000,0x0000,0x0000,0x0000,0x0000,
  0x0000,0x0000,0x0000,0x0000,0x0000,0x0000,0x0000,0x0000,0x0000,0x0000,0x0000,0x0000,0x0000,0x0000,0x0000,0x0000,
  0x0000,0x0000,0x0000,0x0000,0x0000,0x0000,0x0000,0x0000,0x0000,0x0000,0x0000,0x0000,0x0000,0x0000,0x0000,0x0000,
  0x0000,0x0000,0x0000,0x0000,0x0000,0x0000,0x0000,0x0000,0x0000,0x0000,0x0000,0x0000,0x0000,0x0000,0x0000,0x0000,
  0x0000,0x0000,0x0000,0x0000,0x0000,0x0000,0x0000,0x0000,0x0000,0x0000,0x0000,0x0000,0x0000,0x0000,0x0000,0x0000,
  0x0000,0x0000,0x0000,0x0000,0x0000,0x0000,0x0000,0x0000,0x0000,0x0000,0x0000,0x0000,0x0000,0x0000,0x0000,0x0000,
  0x0000,0x0000,0x0000,0x0000,0x0000,0x0000,0x0000,0x0000,0x0000,0x0000,0x0000,0x0000,0x0000,0x0000,0x0000,0x0000,
  0x0000,0x0000,0x0000,0x0000,0x0000,0x0000,0x0000,0x0000,0x0000,0x0000,0x0000,0x0000,0x0000,0x0000,0x0000,0x0000,
  0x0000,0x0000,0x0000,0x0000,0x0000,0x0000,0x0000,0x0000,0x0000,0x0000,0x0000,0x0000,0x0000,0x0000,0x0000,0x0000,
  0x0000,0x0000,0x0000,0x0000,0x0000,0x0000,0x0000,0x0000,0x0000,0x0000,0x0000,0x0000,0x0000,0x0000,0x0000,0x0000,
  0x0000,0x0000,0x0000,0x0000,0x0000,0x0000,0x0000,0x0000,0x0000,0x0000,0x0000,0x0000,0x0000,0x0000,0x0000,0x0000,
  0x0000,0x0000,0x0000,0x0000,0x0000,0x0000,0x0000,0x0000,0x0000,0x0000,0x0000,0x0000,0x0000,0x0000,0x0000,0x0000,
  0x0000,0x0000,0x0000,0x0000,0x0000,0x0000,0x0000,0x0000,0x0000,0x0000,0x0000,0x0000,0x0000,0x0000,0x0000,0x0000,
  0x0000,0x0000,0x0000,0x0000,0x0000,0x0000,0x0000,0x0000,0x0000,0x0000,0x0000,0x0000,0x0000,0x0000,0x0000,0x0000,
  0x0000,0x0000,0x0000,0x0000,0x0000,0x0000,0x0000,0x0000,0x0000,0x0000,0x0000,0x0000,0x0000,0x0000,0x0000,0x0000,
  0x0000,0x0000,0x0000,0x0000,0x0000,0x0000,0x0000,0x0000,0x0000,0x0840,0x1041,0x0841,0x1040,0x1040,0x1040,0x1040,
  0x1040,0x1040,0x1040,0x1040,0x1040,0x1040,0x1040,0x1040,0x1040,0x1040,0x1040,0x1040,0x1040,0x1040,0x1040,0x1040,
  0x1040,0x1040,0x1040,0x1040,0x1040,0x1040,0x1040,0x1040,0x1040,0x1040,0x1040,0x1040,0x1040,0x1040,0x1040,0x1040,
  0x1040,0x1040,0x1040,0x1040,0x0841,0x1041,0x0840,0x0000,0x0000,0x0000,0x0000,0x0000,0x0000,0x0000,0x0000,0x0000,
  0x0000,0x0000,0x0000,0x0000,0x0000,0x0000,0x0000,0x0000,0x2082,0x92C9,0xBB8B,0xB36B,0xB36B,0xB36B,0xB36B,0xB36B,
  0xB36B,0xB36B,0xB36B,0xB36B,0xB36B,0xB36B,0xB36B,0xB36B,0xB36B,0xB36B,0xB36B,0xB36B,0xB36B,0xB36B,0xB36B,0xB36B,
  0xB36B,0xB36B,0xB36B,0xB36B,0xB36B,0xB36B,0xB36B,0xB36B,0xB36B,0xB36B,0xB36B,0xB36B,0xB36B,0xB36B,0xB36B,0xB36B,
  0xB36B,0xB36B,0xB36B,0xB36B,0xB36B,0xBB8B,0x92C9,0x2082,0x0000,0x0000,0x0000,0x0000,0x0000,0x0000,0x0000,0x0000,
  0x0000,0x0000,0x0000,0x0000,0x0000,0x0000,0x0000,0x0000,0x28C2,0xC3AB,0xF4AE,0xE46E,0xEC6E,0xEC6E,0xEC6E,0xEC6E,
  0xEC6E,0xEC6E,0xEC6E,0xEC6E,0xEC6E,0xEC6E,0xEC6E,0xEC6E,0xEC6E,0xEC6E,0xEC6E,0xEC6E,0xEC6E,0xEC6E,0xEC6E,0xEC6E,
  0xEC6E,0xEC6E,0xEC6E,0xEC6E,0xEC6E,0xEC6E,0xEC6E,0xEC6E,0xEC6E,0xEC6E,0xEC6E,0xEC6E,0xEC6E,0xEC6E,0xEC6E,0xEC6E,
  0xEC6E,0xEC6E,0xEC6E,0xEC6E,0xE46E,0xF4AE,0xC3AB,0x28C2,0x0000,0x0000,0x0000,0x0000,0x0000,0x0000,0x0000,0x0000,
  0x0000,0x0000,0x0000,0x0000,0x0000,0x0000,0x0000,0x0000,0x28C2,0xB36B,0xE46D,0xDC2D,0xDC2D,0xDC2D,0xDC2D,0xDC2D,
  0xDC2D,0xDC2D,0xDC2D,0xDC2D,0xDC2D,0xDC2D,0xDC2D,0xDC2D,0xDC2D,0xDC2D,0xDC2D,0xDC2D,0xDC2D,0xDC2D,0xDC2D,0xDC2D,
  0xDC2D,0xDC2D,0xDC2D,0xDC2D,0xDC2D,0xDC2D,0xDC2D,0xDC2D,0xDC2D,0xDC2D,0xDC2D,0xDC2D,0xDC2D,0xDC2D,0xDC2D,0xDC2D,
  0xDC2D,0xDC2D,0xDC2D,0xDC2D,0xDC2D,0xE46D,0xB36B,0x28C2,0x0000,0x0000,0x0000,0x0000,0x0000,0x0000,0x0000,0x0000,
  0x0000,0x0000,0x0000,0x0000,0x0000,0x0000,0x0000,0x0000,0x28C2,0xB38B,0xE46E,0xDC2D,0xDC4D,0xDC4D,0xDC4D,0xDC4D,
  0xDC4D,0xDC4D,0xDC4D,0xDC4D,0xDC4D,0xDC4D,0xDC4D,0xDC4D,0xDC4D,0xDC4D,0xDC4D,0xDC4D,0xDC4D,0xDC4D,0xDC4D,0xDC4D,
  0xDC4D,0xDC4D,0xDC4D,0xDC4D,0xDC4D,0xDC4D,0xDC4D,0xDC4D,0xDC4D,0xDC4D,0xDC4D,0xDC4D,0xDC4D,0xDC4D,0xDC4D,0xDC4D,
  0xDC4D,0xDC4D,0xDC4D,0xDC4D,0xDC2D,0xE46E,0xB38B,0x28C2,0x0000,0x0000,0x0000,0x0000,0x0000,0x0000,0x0000,0x0000,
  0x0000,0x0000,0x0000,0x0000,0x0000,0x0000,0x0000,0x0000,0x28C2,0xB38B,0xE46E,0xDC2D,0xDC4D,0xDC4D,0xDC4D,0xDC4D,
  0xDC4D,0xDC4D,0xDC4D,0xDC4D,0xDC4D,0xDC4D,0xDC4D,0xDC4D,0xDC4D,0xDC4D,0xDC4D,0xDC4D,0xDC4D,0xDC4D,0xDC4D,0xDC4D,
  0xDC4D,0xDC4D,0xDC4D,0xDC4D,0xDC4D,0xDC4D,0xDC4D,0xDC4D,0xDC4D,0xDC4D,0xDC4D,0xDC4D,0xDC4D,0xDC4D,0xDC4D,0xDC4D,
  0xDC4D,0xDC4D,0xDC4D,0xDC4D,0xDC2D,0xE46E,0xB38B,0x28C2,0x0000,0x0000,0x0000,0x0000,0x0000,0x0000,0x0000,0x0000,
  0x0000,0x0000,0x0000,0x0000,0x0000,0x0000,0x0000,0x0000,0x28C2,0xB38B,0xE46E,0xDC2D,0xDC4D,0xDC4D,0xDC4D,0xDC4D,
  0xDC4D,0xDC4D,0xDC4D,0xDC4D,0xDC4D,0xDC4D,0xDC4D,0xDC4D,0xDC4D,0xDC4D,0xDC4D,0xDC4D,0xDC4D,0xDC4D,0xDC4D,0xDC4D,
  0xDC4D,0xDC4D,0xDC4D,0xDC4D,0xDC4D,0xDC4D,0xDC4D,0xDC4D,0xDC4D,0xDC4D,0xDC4D,0xDC4D,0xDC4D,0xDC4D,0xDC4D,0xDC4D,
  0xDC4D,0xDC4D,0xDC4D,0xDC4D,0xDC2D,0xE46E,0xB38B,0x28C2,0x0000,0x0000,0x0000,0x0000,0x0000,0x0000,0x0000,0x0000,
  0x0000,0x0000,0x0000,0x0000,0x0000,0x0000,0x0000,0x0000,0x28C2,0xB38B,0xE46E,0xDC2D,0xDC4D,0xDC4D,0xDC4D,0xDC4D,
  0xDC4D,0xDC4D,0xE44D,0xE44D,0xE44D,0xDC4D,0xDC4D,0xDC4D,0xDC4D,0xDC4D,0xDC4D,0xDC4D,0xDC4D,0xDC4D,0xDC4D,0xDC4D,
  0xDC4D,0xDC4D,0xDC4D,0xDC4D,0xDC4D,0xDC4D,0xDC4D,0xDC4D,0xDC4D,0xDC4D,0xDC4D,0xE44D,0xE44D,0xE44D,0xDC4D,0xDC4D,
  0xDC4D,0xDC4D,0xDC4D,0xDC4D,0xDC2D,0xE46E,0xB38B,0x28C2,0x0000,0x0000,0x0000,0x0000,0x0000,0x0000,0x0000,0x0000,
  0x0000,0x0000,0x0000,0x0000,0x0000,0x0000,0x0000,0x0000,0x28C2,0xB38B,0xE46E,0xDC2D,0xDC4D,0xDC4D,0xDC4D,0xDC4D,
  0xDC4D,0xDC2D,0xDC2D,0xDC2D,0xDC2D,0xDC2D,0xDC4D,0xDC4D,0xDC4D,0xDC4D,0xDC4D,0xDC4D,0xDC4D,0xDC4D,0xDC4D,0xDC4D,
  0xDC4D,0xDC4D,0xDC4D,0xDC4D,0xDC4D,0xDC4D,0xDC4D,0xDC4D,0xDC4D,0xDC4D,0xDC2D,0xDC2D,0xDC2D,0xDC2D,0xDC2D,0xDC4D,
  0xDC4D,0xDC4D,0xDC4D,0xDC4D,0xDC2D,0xE46E,0xB38B,0x28C2,0x0000,0x0000,0x0000,0x0000,0x0000,0x0000,0x0000,0x0000,
  0x0000,0x0000,0x0000,0x0000,0x0000,0x0000,0x0000,0x0000,0x28C2,0xB38B,0xE46E,0xDC2D,0xDC4D,0xDC4D,0xDC4D,0xDC4D,
  0xDC2D,0x9AE9,0x6A26,0x7227,0x6A06,0x9B09,0xEC6E,0xDC2D,0xDC4D,0xDC4D,0xDC4D,0xDC4D,0xDC4D,0xDC4D,0xDC4D,0xDC4D,
  0xDC4D,0xDC4D,0xDC4D,0xDC4D,0xDC4D,0xDC4D,0xDC4D,0xDC4D,0xDC2D,0xEC6E,0x9B09,0x6A06,0x7227,0x6A26,0x9AE9,0xDC2D,
  0xDC4D,0xDC4D,0xDC4D,0xDC4D,0xDC2D,0xE46E,0xB38B,0x28C2,0x0000,0x0000,0x0000,0x0000,0x0000,0x0000,0x0000,0x0000,
  0x0000,0x0000,0x0000,0x0000,0x0000,0x0000,0x0000,0x0000,0x28C2,0xB38B,0xE46E,0xDC2D,0xDC4D,0xDC4D,0xDC4D,0xE44D,
  0xDC2D,0x4964,0x0000,0x0000,0x0000,0x51A5,0xF4AF,0xDC2D,0xDC4D,0xDC4D,0xDC4D,0xDC4D,0xDC4D,0xDC4D,0xDC4D,0xDC4D,
  0xDC4D,0xDC4D,0xDC4D,0xDC4D,0xDC4D,0xDC4D,0xDC4D,0xDC4D,0xDC2D,0xF4AF,0x51A5,0x0000,0x0000,0x0000,0x4964,0xDC2D,
  0xE44D,0xDC4D,0xDC4D,0xDC4D,0xDC2D,0xE46E,0xB38B,0x28C2,0x0000,0x0000,0x0000,0x0000,0x0000,0x0000,0x0000,0x0000,
  0x0000,0x0000,0x0000,0x0000,0x0000,0x0000,0x0020,0x0000,0x28C2,0xB38B,0xE46E,0xDC2D,0xDC4D,0xDC4D,0xDC4D,0xE44D,
  0xDC2D,0x51A5,0x0000,0x0020,0x0000,0x59C5,0xF4AE,0xDC2D,0xDC4D,0xDC4D,0xDC4D,0xDC4D,0xDC4D,0xDC4D,0xDC4D,0xDC4D,
  0xDC4D,0xDC4D,0xDC4D,0xDC4D,0xDC4D,0xDC4D,0xDC4D,0xDC4D,0xDC2D,0xF4AE,0x59C5,0x0000,0x0020,0x0000,0x51A5,0xDC2D,
  0xE44D,0xDC4D,0xDC4D,0xDC4D,0xDC2D,0xE46E,0xB38B,0x28C2,0x0000,0x0020,0x0000,0x0000,0x0000,0x0000,0x0000,0x0000,
  0x0000,0x0000,0x0000,0x0000,0x0000,0x0000,0x0000,0x0000,0x1881,0xB36B,0xE46E,0xDC2D,0xDC4D,0xDC4D,0xDC4D,0xE44D,
  0xDC2D,0x51A5,0x0000,0x0000,0x0000,0x59C5,0xF4AE,0xDC2D,0xDC4D,0xDC4D,0xDC4D,0xDC4D,0xDC4D,0xDC4D,0xDC4D,0xDC4D,
  0xDC4D,0xDC4D,0xDC4D,0xDC4D,0xDC4D,0xDC4D,0xDC4D,0xDC4D,0xDC2D,0xF4AE,0x59C5,0x0000,0x0000,0x0000,0x51A5,0xDC2D,
  0xE44D,0xDC4D,0xDC4D,0xDC4D,0xDC2D,0xE46E,0xB36B,0x1881,0x0000,0x0000,0x0000,0x0000,0x0000,0x0000,0x0000,0x0000,
  0x20A2,0x59C5,0x59A5,0x59A5,0x59A5,0x59A5,0x59C5,0x59C5,0x61E6,0xBB8B,0xE46E,0xDC2D,0xDC4D,0xDC4D,0xDC4D,0xE44D,
  0xDC2D,0x51A5,0x0000,0x0000,0x0000,0x59C5,0xF4AE,0xDC2D,0xDC4D,0xDC4D,0xDC4D,0xDC4D,0xDC4D,0xDC4D,0xDC4D,0xDC4D,
  0xDC4D,0xDC4D,0xDC4D,0xDC4D,0xDC4D,0xDC4D,0xDC4D,0xDC4D,0xDC2D,0xF4AE,0x59C5,0x0000,0x0000,0x0000,0x51A5,0xDC2D,
  0xE44D,0xDC4D,0xDC4D,0xDC4D,0xDC2D,0xE46E,0xBB8B,0x61E6,0x59C5,0x59C5,0x59A5,0x59A5,0x59A5,0x59A5,0x59C5,0x20A2,
  0x5185,0xEC8E,0xE46E,0xEC6E,0xEC6E,0xEC6E,0xE46E,0xEC8E,0xC3AB,0xC3AC,0xE46E,0xDC2D,0xDC4D,0xDC4D,0xDC4D,0xE44D,
  0xDC2D,0x51A5,0x0000,0x0000,0x0000,0x59C5,0xF4AE,0xDC2D,0xDC4D,0xDC4D,0xDC4D,0xDC4D,0xDC4D,0xDC4D,0xDC4D,0xDC4D,
  0xDC4D,0xDC4D,0xDC4D,0xDC4D,0xDC4D,0xDC4D,0xDC4D,0xDC4D,0xDC2D,0xF4AE,0x59C5,0x0000,0x0000,0x0000,0x51A5,0xDC2D,
  0xE44D,0xDC4D,0xDC4D,0xDC4D,0xDC2D,0xE46E,0xC3AC,0xC3AB,0xEC8E,0xE46E,0xEC6E,0xEC6E,0xEC6E,0xE46E,0xEC8E,0x5185,
  0x5184,0xDC4D,0xDC2D,0xDC2D,0xDC2D,0xDC2D,0xDC2D,0xE44D,0xBB8B,0xC3AC,0xE46E,0xDC2D,0xDC4D,0xDC4D,0xDC4D,0xE44D,
  0xDC2D,0x51A5,0x0000,0x0020,0x0000,0x59C5,0xF4AE,0xDC2D,0xDC4D,0xDC4D,0xDC4D,0xDC4D,0xDC4D,0xDC4D,0xDC4D,0xDC4D,
  0xDC4D,0xDC4D,0xDC4D,0xDC4D,0xDC4D,0xDC4D,0xDC4D,0xDC4D,0xDC2D,0xF4AE,0x59C5,0x0000,0x0020,0x0000,0x51A5,0xDC2D,
  0xE44D,0xDC4D,0xDC4D,0xDC4D,0xDC2D,0xE46E,0xC3AC,0xBB8B,0xE44D,0xDC2D,0xDC2D,0xDC2D,0xDC2D,0xDC2D,0xDC4D,0x5184,
  0x5184,0xDC4D,0xDC4D,0xDC2D,0xDC2D,0xDC2D,0xDC2D,0xE46E,0xBB8B,0xC3AC,0xE46E,0xDC2D,0xDC4D,0xDC4D,0xDC4D,0xE44D,
  0xDC2D,0x5185,0x0000,0x0000,0x0000,0x59A5,0xF4AE,0xDC2D,0xDC4D,0xDC4D,0xDC4D,0xDC4D,0xDC4D,0xDC4D,0xDC4D,0xDC4D,
  0xDC4D,0xDC4D,0xDC4D,0xDC4D,0xDC4D,0xDC4D,0xDC4D,0xDC4D,0xDC2D,0xF4AE,0x59A5,0x0000,0x0000,0x0000,0x5185,0xDC2D,
  0xE44D,0xDC4D,0xDC4D,0xDC4D,0xDC2D,0xE46E,0xC3AC,0xBB8B,0xE46E,0xDC2D,0xDC2D,0xDC2D,0xDC2D,0xDC4D,0xDC4D,0x5184,
  0x5184,0xE44D,0xDC2D,0xDC4D,0xDC4D,0xDC4D,0xDC2D,0xE46E,0xBB8B,0xC3AC,0xE46E,0xDC2D,0xDC4D,0xDC4D,0xDC4D,0xDC4D,
  0xDC2D,0x7A67,0x3923,0x3923,0x3903,0x8267,0xEC8E,0xDC2D,0xDC4D,0xDC4D,0xDC4D,0xDC4D,0xDC4D,0xDC4D,0xDC4D,0xDC4D,
  0xDC4D,0xDC4D,0xDC4D,0xDC4D,0xDC4D,0xDC4D,0xDC4D,0xDC4D,0xDC2D,0xEC8E,0x8267,0x3903,0x3923,0x3923,0x7A67,0xDC2D,
  0xDC4D,0xDC4D,0xDC4D,0xDC4D,0xDC2D,0xE46E,0xC3AC,0xBB8B,0xE46E,0xDC2D,0xDC4D,0xDC4D,0xDC4D,0xDC2D,0xE44D,0x5184,
  0x5184,0xE44D,0xDC2D,0xDC4D,0xDC4D,0xDC4D,0xDC2D,0xE46E,0xBB8B,0xC3AC,0xE46E,0xDC2D,0xDC4D,0xDC4D,0xDC4D,0xDC4D,
  0xDC4D,0xD40D,0xCBEC,0xCBEC,0xCBEC,0xD40D,0xE44D,0xDC4D,0xDC4D,0xDC4D,0xDC4D,0xDC4D,0xDC4D,0xDC4D,0xDC4D,0xDC4D,
  0xDC4D,0xDC4D,0xDC4D,0xDC4D,0xDC4D,0xDC4D,0xDC4D,0xDC4D,0xDC4D,0xE44D,0xD40D,0xCBEC,0xCBEC,0xCBEC,0xD40D,0xDC4D,
  0xDC4D,0xDC4D,0xDC4D,0xDC4D,0xDC2D,0xE46E,0xC3AC,0xBB8B,0xE46E,0xDC2D,0xDC4D,0xDC4D,0xDC4D,0xDC2D,0xE44D,0x5184,
  0x5184,0xE44D,0xDC2D,0xDC4D,0xDC4D,0xDC4D,0xDC2D,0xE46E,0xBB8B,0xC3AC,0xE46E,0xDC2D,0xDC4D,0xDC4D,0xDC4D,0xDC4D,
  0xDC4D,0xE44D,0xE46E,0xE46E,0xE46E,0xE44D,0xDC4D,0xDC4D,0xDC4D,0xDC4D,0xDC4D,0xDC4D,0xDC4D,0xDC4D,0xDC4D,0xDC4D,
  0xDC4D,0xDC4D,0xDC4D,0xDC4D,0xDC4D,0xDC4D,0xDC4D,0xDC4D,0xDC4D,0xDC4D,0xE44D,0xE46E,0xE46E,0xE46E,0xE44D,0xDC4D,
  0xDC4D,0xDC4D,0xDC4D,0xDC4D,0xDC2D,0xE46E,0xC3AC,0xBB8B,0xE46E,0xDC2D,0xDC4D,0xDC4D,0xDC4D,0xDC2D,0xE44D,0x5184,
  0x5184,0xE44E,0xDC4D,0xDC4D,0xDC4D,0xDC4D,0xDC2D,0xE46E,0xBB8B,0xC3AC,0xE46E,0xDC2D,0xDC4D,0xDC4D,0xDC4D,0xDC4D,
  0xDC4D,0xDC4D,0xDC2D,0xDC2D,0xDC2D,0xDC4D,0xDC4D,0xDC4D,0xDC4D,0xDC4D,0xDC4D,0xDC4D,0xDC4D,0xDC4D,0xDC4D,0xDC4D,
  0xDC4D,0xDC4D,0xDC4D,0xDC4D,0xDC4D,0xDC4D,0xDC4D,0xDC4D,0xDC4D,0xDC4D,0xDC4D,0xDC2D,0xDC2D,0xDC2D,0xDC4D,0xDC4D,
  0xDC4D,0xDC4D,0xDC4D,0xDC4D,0xDC2D,0xE46E,0xC3AC,0xBB8B,0xE46E,0xDC2D,0xDC4D,0xDC4D,0xDC4D,0xDC4D,0xE44E,0x5184,
  0x5184,0xDC4D,0xDC2D,0xDC2D,0xDC2D,0xDC2D,0xDC2D,0xE44D,0xBB8B,0xC3AC,0xE46E,0xDC2D,0xDC4D,0xDC4D,0xDC4D,0xDC4D,
  0xDC4D,0xDC4D,0xDC4D,0xDC4D,0xDC4D,0xDC4D,0xDC4D,0xDC4D,0xDC4D,0xDC4D,0xDC4D,0xDC4D,0xDC4D,0xDC4D,0xDC4D,0xDC4D,
  0xDC4D,0xDC4D,0xDC4D,0xDC4D,0xDC4D,0xDC4D,0xDC4D,0xDC4D,0xDC4D,0xDC4D,0xDC4D,0xDC4D,0xDC4D,0xDC4D,0xDC4D,0xDC4D,
  0xDC4D,0xDC4D,0xDC4D,0xDC4D,0xDC2D,0xE46E,0xC3AC,0xBB8B,0xE44D,0xDC2D,0xDC2D,0xDC2D,0xDC2D,0xDC2D,0xDC4D,0x5184,
  0x0000,0x0000,0x0000,0x0000,0x0000,0x0000,0x0000,0x0000,0x28C2,0xB38B,0xE46E,0xDC2D,0xDC4D,0xDC4D,0xDC4D,0xDC4D,
  0xDC4D,0xDC4D,0xDC4D,0xDC4D,0xDC4D,0xDC4D,0xDC4D,0xDC4D,0xDC4D,0xDC4D,0xDC4D,0xDC4D,0xDC4D,0xDC4D,0xDC4D,0xDC4D,
  0xDC4D,0xDC4D,0xDC4D,0xDC4D,0xDC4D,0xDC4D,0xDC4D,0xDC4D,0xDC4D,0xDC4D,0xDC4D,0xDC4D,0xDC4D,0xDC4D,0xDC4D,0xDC4D,
  0xDC4D,0xDC4D,0xDC4D,0xDC4D,0xDC2D,0xE46E,0xB38B,0x28C2,0x0000,0x0000,0x0000,0x0000,0x0000,0x0000,0x0000,0x0000,
  0x0000,0x0000,0x0000,0x0000,0x0000,0x0000,0x0000,0x0000,0x20C2,0xB38B,0xE46E,0xDC2D,0xDC4D,0xDC4D,0xDC4D,0xDC4D,
  0xDC4D,0xDC4D,0xDC4D,0xDC4D,0xDC4D,0xDC4D,0xDC4D,0xDC4D,0xDC4D,0xDC4D,0xDC4D,0xDC4D,0xDC4D,0xDC4D,0xDC4D,0xDC4D,
  0xDC4D,0xDC4D,0xDC4D,0xDC4D,0xDC4D,0xDC4D,0xDC4D,0xDC4D,0xDC4D,0xDC4D,0xDC4D,0xDC4D,0xDC4D,0xDC4D,0xDC4D,0xDC4D,
  0xDC4D,0xDC4D,0xDC4D,0xDC4D,0xDC2D,0xE46E,0xB38B,0x20C2,0x0000,0x0000,0x0000,0x0000,0x0000,0x0000,0x0000,0x0000,
  0x0000,0x0000,0x0000,0x0000,0x0000,0x0000,0x0000,0x0000,0x28C2,0xB38B,0xE46E,0xDC2D,0xDC4D,0xDC4D,0xDC4D,0xDC4D,
  0xDC4D,0xDC4D,0xDC4D,0xDC4D,0xDC4D,0xDC4D,0xDC4D,0xDC4D,0xDC4D,0xDC4D,0xDC4D,0xDC4D,0xDC4D,0xDC4D,0xDC4D,0xDC4D,
  0xDC4D,0xDC4D,0xDC4D,0xDC4D,0xDC4D,0xDC4D,0xDC4D,0xDC4D,0xDC4D,0xDC4D,0xDC4D,0xDC4D,0xDC4D,0xDC4D,0xDC4D,0xDC4D,
  0xDC4D,0xDC4D,0xDC4D,0xDC4D,0xDC2D,0xE46E,0xB38B,0x28C2,0x0000,0x0000,0x0000,0x0000,0x0000,0x0000,0x0000,0x0000,
  0x0000,0x0000,0x0000,0x0000,0x0000,0x0000,0x0000,0x0000,0x28C2,0xB38B,0xE46E,0xDC2D,0xDC4D,0xDC4D,0xDC4D,0xDC4D,
  0xDC4D,0xDC4D,0xDC4D,0xDC4D,0xDC4D,0xDC4D,0xDC4D,0xDC4D,0xDC4D,0xDC4D,0xDC4D,0xDC4D,0xDC4D,0xDC4D,0xDC4D,0xDC4D,
  0xDC4D,0xDC4D,0xDC4D,0xDC4D,0xDC4D,0xDC4D,0xDC4D,0xDC4D,0xDC4D,0xDC4D,0xDC4D,0xDC4D,0xDC4D,0xDC4D,0xDC4D,0xDC4D,
  0xDC4D,0xDC4D,0xDC4D,0xDC4D,0xDC2D,0xE46E,0xB38B,0x28C2,0x0000,0x0000,0x0000,0x0000,0x0000,0x0000,0x0000,0x0000,
  0x0000,0x0000,0x0000,0x0000,0x0000,0x0000,0x0000,0x0000,0x28C2,0xB38B,0xE46E,0xDC2D,0xDC4D,0xDC4D,0xDC4D,0xDC4D,
  0xDC4D,0xDC4D,0xDC4D,0xDC4D,0xDC4D,0xDC4D,0xDC4D,0xDC4D,0xDC4D,0xDC4D,0xDC4D,0xDC4D,0xDC4D,0xDC4D,0xDC4D,0xDC4D,
  0xDC4D,0xDC4D,0xDC4D,0xDC4D,0xDC4D,0xDC4D,0xDC4D,0xDC4D,0xDC4D,0xDC4D,0xDC4D,0xDC4D,0xDC4D,0xDC4D,0xDC4D,0xDC4D,
  0xDC4D,0xDC4D,0xDC4D,0xDC4D,0xDC2D,0xE46E,0xB38B,0x28C2,0x0000,0x0000,0x0000,0x0000,0x0000,0x0000,0x0000,0x0000,
  0x0000,0x0000,0x0000,0x0000,0x0000,0x0000,0x0000,0x0000,0x28C2,0xB38B,0xE46E,0xDC2D,0xDC2D,0xDC2D,0xDC2D,0xDC2D,
  0xDC2D,0xDC2D,0xDC2D,0xDC2D,0xDC2D,0xDC2D,0xDC2D,0xDC2D,0xDC2D,0xDC2D,0xDC2D,0xDC2D,0xDC2D,0xDC2D,0xDC2D,0xDC2D,
  0xDC2D,0xDC2D,0xDC2D,0xDC2D,0xDC2D,0xDC2D,0xDC2D,0xDC2D,0xDC2D,0xDC2D,0xDC2D,0xDC2D,0xDC2D,0xDC2D,0xDC2D,0xDC2D,
  0xDC2D,0xDC2D,0xDC2D,0xDC2D,0xDC2D,0xE46E,0xB38B,0x28C2,0x0000,0x0000,0x0000,0x0000,0x0000,0x0000,0x0000,0x0000,
  0x0000,0x0000,0x0000,0x0000,0x0000,0x0000,0x0000,0x0000,0x28C2,0xB36B,0xE46D,0xDC2D,0xDC2D,0xE44D,0xE44D,0xE44D,
  0xE44D,0xDC2D,0xDC2D,0xDC2D,0xDC2D,0xDC2D,0xE44D,0xE44D,0xE44D,0xDC4D,0xDC2D,0xDC2D,0xDC2D,0xDC2D,0xDC2D,0xDC2D,
  0xDC2D,0xDC2D,0xDC2D,0xDC2D,0xDC2D,0xDC2D,0xDC4D,0xE44D,0xE44D,0xE44D,0xDC2D,0xDC2D,0xDC2D,0xDC2D,0xDC2D,0xE44D,
  0xE44D,0xE44D,0xE44D,0xDC2D,0xDC2D,0xE46D,0xB36B,0x28C2,0x0000,0x0000,0x0000,0x0000,0x0000,0x0000,0x0000,0x0000,
  0x0000,0x0000,0x0000,0x0000,0x0000,0x0000,0x0000,0x0000,0x28C2,0xBBAB,0xF4AE,0xE46E,0xEC6E,0xD40D,0xD40C,0xD40C,
  0xD40C,0xDC4D,0xEC6E,0xEC6E,0xEC6E,0xDC4D,0xD40C,0xD40C,0xD40C,0xDC2D,0xE46E,0xEC6E,0xEC6E,0xEC6E,0xEC6E,0xEC6E,
  0xEC6E,0xEC6E,0xEC6E,0xEC6E,0xEC6E,0xE46E,0xDC2D,0xD40C,0xD40C,0xD40C,0xDC4D,0xEC6E,0xEC6E,0xEC6E,0xDC4D,0xD40C,
  0xD40C,0xD40C,0xD40D,0xEC6E,0xE46E,0xF4AE,0xBBAB,0x28C2,0x0000,0x0000,0x0000,0x0000,0x0000,0x0000,0x0000,0x0000,
  0x0000,0x0000,0x0000,0x0000,0x0000,0x0000,0x0000,0x0000,0x1041,0x4964,0x59C5,0x59C5,0x59A5,0xC3AB,0xD40D,0xD40C,
  0xD40C,0x82A8,0x59A5,0x59C5,0x59A5,0x8AA8,0xDC2D,0xCBEC,0xDC2D,0xA32A,0x59C5,0x59A5,0x59C5,0x59A5,0x59A5,0x59A5,
  0x59A5,0x59A5,0x59A5,0x59C5,0x59A5,0x59C5,0xA32A,0xDC2D,0xCBEC,0xDC2D,0x8AA8,0x59A5,0x59C5,0x59A5,0x82A8,0xD40C,
  0xD40C,0xD40D,0xC3AB,0x59A5,0x59C5,0x59C5,0x4964,0x1041,0x0000,0x0000,0x0000,0x0000,0x0000,0x0000,0x0000,0x0000,
  0x0000,0x0000,0x0000,0x0000,0x0000,0x0000,0x0000,0x0000,0x0000,0x0000,0x0000,0x0000,0x0000,0xBBAB,0xEC8E,0xE44D,
  0xDC2D,0x4964,0x0000,0x0000,0x0000,0x5185,0xFCCF,0xD40D,0xF48E,0x8A88,0x0000,0x0000,0x0000,0x0000,0x0000,0x0000,
  0x0000,0x0000,0x0000,0x0000,0x0000,0x0000,0x8A88,0xF48E,0xD40D,0xFCCF,0x5185,0x0000,0x0000,0x0000,0x4964,0xDC2D,
  0xE44D,0xEC8E,0xBBAB,0x0000,0x0000,0x0000,0x0000,0x0000,0x0000,0x0000,0x0000,0x0000,0x0000,0x0000,0x0000,0x0000,
  0x0000,0x0000,0x0000,0x0000,0x0000,0x0000,0x0000,0x0000,0x0000,0x0000,0x0000,0x0820,0x0000,0xBB8B,0xE46E,0xDC2D,
  0xDC2D,0x59A5,0x0000,0x0020,0x0000,0x59C5,0xF48E,0xD40C,0xEC8E,0x8AA8,0x0840,0x0000,0x0020,0x0000,0x0000,0x0000,
  0x0000,0x0000,0x0000,0x0020,0x0000,0x0840,0x8AA8,0xEC8E,0xD40C,0xF48E,0x59C5,0x0000,0x0020,0x0000,0x59A5,0xDC2D,
  0xDC2D,0xE46E,0xBB8B,0x0000,0x0820,0x0000,0x0000,0x0000,0x0000,0x0000,0x0000,0x0000,0x0000,0x0000,0x0000,0x0000,
  0x0000,0x0000,0x0000,0x0000,0x0000,0x0000,0x0000,0x0000,0x0000,0x0000,0x0000,0x0000,0x0000,0xBB8B,0xEC6E,0xDC4D,
  0xDC2D,0x51A5,0x0000,0x0000,0x0000,0x59C5,0xF4AE,0xD40C,0xEC8E,0x8AA8,0x0820,0x0000,0x0000,0x0000,0x0000,0x0000,
  0x0000,0x0000,0x0000,0x0000,0x0000,0x0820,0x8AA8,0xEC8E,0xD40C,0xF4AE,0x59C5,0x0000,0x0000,0x0000,0x51A5,0xDC2D,
  0xDC4D,0xEC6E,0xBB8B,0x0000,0x0000,0x0000,0x0000,0x0000,0x0000,0x0000,0x0000,0x0000,0x0000,0x0000,0x0000,0x0000,
  0x0000,0x0000,0x0000,0x0000,0x0000,0x0000,0x0000,0x0000,0x0000,0x0000,0x0000,0x0000,0x0000,0xBB8B,0xEC6E,0xDC4D,
  0xDC2D,0x51A5,0x0000,0x0000,0x0000,0x59C5,0xF4AE,0xD40C,0xEC8E,0x8AA8,0x0820,0x0000,0x0000,0x0000,0x0000,0x0000,
  0x0000,0x0000,0x0000,0x0000,0x0000,0x0820,0x8AA8,0xEC8E,0xD40C,0xF4AE,0x59C5,0x0000,0x0000,0x0000,0x51A5,0xDC2D,
  0xDC4D,0xEC6E,0xBB8B,0x0000,0x0000,0x0000,0x0000,0x0000,0x0000,0x0000,0x0000,0x0000,0x0000,0x0000,0x0000,0x0000,
  0x0000,0x0000,0x0000,0x0000,0x0000,0x0000,0x0000,0x0000,0x0000,0x0000,0x0000,0x0000,0x0000,0xBB8B,0xEC6E,0xDC4D,
  0xDC2D,0x51A5,0x0000,0x0000,0x0000,0x59C5,0xF4AE,0xD40C,0xEC8E,0x8AA8,0x0820,0x0000,0x0000,0x0000,0x0000,0x0000,
  0x0000,0x0000,0x0000,0x0000,0x0000,0x0820,0x8AA8,0xEC8E,0xD40C,0xF4AE,0x59C5,0x0000,0x0000,0x0000,0x51A5,0xDC2D,
  0xDC4D,0xEC6E,0xBB8B,0x0000,0x0000,0x0000,0x0000,0x0000,0x0000,0x0000,0x0000,0x0000,0x0000,0x0000,0x0000,0x0000,
  0x0000,0x0000,0x0000,0x0000,0x0000,0x0000,0x0000,0x0000,0x0000,0x0000,0x0000,0x0000,0x0000,0xBB8B,0xEC6E,0xDC4D,
  0xDC2D,0x51A5,0x0000,0x0000,0x0000,0x59C5,0xF4AE,0xD40C,0xEC8E,0x8AA8,0x0820,0x0000,0x0000,0x0000,0x0000,0x0000,
  0x0000,0x0000,0x0000,0x0000,0x0000,0x0820,0x8AA8,0xEC8E,0xD40C,0xF4AE,0x59C5,0x0000,0x0000,0x0000,0x51A5,0xDC2D,
  0xDC4D,0xEC6E,0xBB8B,0x0000,0x0000,0x0000,0x0000,0x0000,0x0000,0x0000,0x0000,0x0000,0x0000,0x0000,0x0000,0x0000,
  0x0000,0x0000,0x0000,0x0000,0x0000,0x0000,0x0000,0x0000,0x0000,0x0000,0x0000,0x0000,0x0000,0xC3AB,0xEC8E,0xE44D,
  0xDC4D,0x51A5,0x0000,0x0000,0x0000,0x59C5,0xF4AF,0xD42D,0xEC8E,0x8AA8,0x0820,0x0000,0x0000,0x0000,0x0000,0x0000,
  0x0000,0x0000,0x0000,0x0000,0x0000,0x0820,0x8AA8,0xEC8E,0xD42D,0xF4AF,0x59C5,0x0000,0x0000,0x0000,0x51A5,0xDC4D,
  0xE44D,0xEC8E,0xC3AB,0x0000,0x0000,0x0000,0x0000,0x0000,0x0000,0x0000,0x0000,0x0000,0x0000,0x0000,0x0000,0x0000,
  0x0000,0x0000,0x0000,0x0000,0x0000,0x0000,0x0000,0x0000,0x0000,0x0000,0x0000,0x0000,0x0000,0x8AA8,0xAB4A,0xA32A,
  0xA32A,0x4124,0x0000,0x0000,0x0000,0x4144,0xB36B,0x9B09,0xAB4A,0x6A06,0x0820,0x0000,0x0000,0x0000,0x0000,0x0000,
  0x0000,0x0000,0x0000,0x0000,0x0000,0x0820,0x6A06,0xAB4A,0x9B09,0xB36B,0x4144,0x0000,0x0000,0x0000,0x4124,0xA32A,
  0xA32A,0xAB4A,0x8AA8,0x0000,0x0000,0x0000,0x0000,0x0000,0x0000,0x0000,0x0000,0x0000,0x0000,0x0000,0x0000,0x0000,
  0x0000,0x0000,0x0000,0x0000,0x0000,0x0000,0x0000,0x0000,0x0000,0x0000,0x0000,0x0000,0x0000,0x0000,0x0000,0x0000,
  0x0000,0x0000,0x0000,0x0000,0x0000,0x0000,0x0000,0x0000,0x0000,0x0000,0x0000,0x0000,0x0000,0x0000,0x0000,0x0000,
  0x0000,0x0000,0x0000,0x0000,0x0000,0x0000,0x0000,0x0000,0x0000,0x0000,0x0000,0x0000,0x0000,0x0000,0x0000,0x0000,
  0x0000,0x0000,0x0000,0x0000,0x0000,0x0000,0x0000,0x0000,0x0000,0x0000,0x0000,0x0000,0x0000,0x0000,0x0000,0x0000,
  0x0000,0x0000,0x0000,0x0000,0x0000,0x0000,0x0000,0x0000,0x0000,0x0000,0x0000,0x0000,0x0000,0x0000,0x0000,0x0000,
  0x0000,0x0000,0x0000,0x0000,0x0000,0x0000,0x0000,0x0000,0x0000,0x0000,0x0000,0x0000,0x0000,0x0000,0x0000,0x0000,
  0x0000,0x0000,0x0000,0x0000,0x0000,0x0000,0x0000,0x0000,0x0000,0x0000,0x0000,0x0000,0x0000,0x0000,0x0000,0x0000,
  0x0000,0x0000,0x0000,0x0000,0x0000,0x0000,0x0000,0x0000,0x0000,0x0000,0x0000,0x0000,0x0000,0x0000,0x0000,0x0000,
  0x0000,0x0000,0x0000,0x0000,0x0000,0x0000,0x0000,0x0000,0x0000,0x0000,0x0000,0x0000,0x0000,0x0000,0x0000,0x0000,
  0x0000,0x0000,0x0000,0x0000,0x0000,0x0000,0x0000,0x0000,0x0000,0x0000,0x0000,0x0000,0x0000,0x0000,0x0000,0x0000,
  0x0000,0x0000,0x0000,0x0000,0x0000,0x0000,0x0000,0x0000,0x0000,0x0000,0x0000,0x0000,0x0000,0x0000,0x0000,0x0000,
  0x0000,0x0000,0x0000,0x0000,0x0000,0x0000,0x0000,0x0000,0x0000,0x0000,0x0000,0x0000,0x0000,0x0000,0x0000,0x0000,
  0x0000,0x0000,0x0000,0x0000,0x0000,0x0000,0x0000,0x0000,0x0000,0x0000,0x0000,0x0000,0x0000,0x0000,0x0000,0x0000,
  0x0000,0x0000,0x0000,0x0000,0x0000,0x0000,0x0000,0x0000,0x0000,0x0000,0x0000,0x0000,0x0000,0x0000,0x0000,0x0000,
  0x0000,0x0000,0x0000,0x0000,0x0000,0x0000,0x0000,0x0000,0x0000,0x0000,0x0000,0x0000,0x0000,0x0000,0x0000,0x0000,
  0x0000,0x0000,0x0000,0x0000,0x0000,0x0000,0x0000,0x0000,0x0000,0x0000,0x0000,0x0000,0x0000,0x0000,0x0000,0x0000,
  0x0000,0x0000,0x0000,0x0000,0x0000,0x0000,0x0000,0x0000,0x0000,0x0000,0x0000,0x0000,0x0000,0x0000,0x0000,0x0000,
  0x0000,0x0000,0x0000,0x0000,0x0000,0x0000,0x0000,0x0000,0x0000,0x0000,0x0000,0x0000,0x0000,0x0000,0x0000,0x0000,
  0x0000,0x0000,0x0000,0x0000,0x0000,0x0000,0x0000,0x0000,0x0000,0x0000,0x0000,0x0000,0x0000,0x0000,0x0000,0x0000,
  0x0000,0x0000,0x0000,0x0000,0x0000,0x0000,0x0000,0x0000,0x0000,0x0000,0x0000,0x0000,0x0000,0x0000,0x0000,0x0000,
  0x0000,0x0000,0x0000,0x0000,0x0000,0x0000,0x0000,0x0000,0x0000,0x0000,0x0000,0x0000,0x0000,0x0000,0x0000,0x0000,
  0x0000,0x0000,0x0000,0x0000,0x0000,0x0000,0x0000,0x0000,0x0000,0x0000,0x0000,0x0000,0x0000,0x0000,0x0000,0x0000,
  0x0000,0x0000,0x0000,0x0000,0x0000,0x0000,0x0000,0x0000,0x0000,0x0000,0x0000,0x0000,0x0000,0x0000,0x0000,0x0000,
  0x0000,0x0000,0x0000,0x0000,0x0000,0x0000,0x0000,0x0000,0x0000,0x0000,0x0000,0x0000,0x0000,0x0000,0x0000,0x0000,
  0x0000,0x0000,0x0000,0x0000,0x0000,0x0000,0x0000,0x0000,0x0000,0x0000,0x0000,0x0000,0x0000,0x0000,0x0000,0x0000,
  0x0000,0x0000,0x0000,0x0000,0x0000,0x0000,0x0000,0x0000,0x0000,0x0000,0x0000,0x0000,0x0000,0x0000,0x0000,0x0000,
  0x0000,0x0000,0x0000,0x0000,0x0000,0x0000,0x0000,0x0000,0x0000,0x0000,0x0000,0x0000,0x0000,0x0000,0x0000,0x0000,
  0x0000,0x0000,0x0000,0x0000,0x0000,0x0000,0x0000,0x0000,0x0000,0x0000,0x0000,0x0000,0x0000,0x0000,0x0000,0x0000,
  0x0000,0x0000,0x0000,0x0000,0x0000,0x0000,0x0000,0x0000,0x0000,0x0000,0x0000,0x0000,0x0000,0x0000,0x0000,0x0000,
  0x0000,0x0000,0x0000,0x0000,0x0000,0x0000,0x0000,0x0000,0x0000,0x0000,0x0000,0x0000,0x0000,0x0000,0x0000,0x0000,
  0x0000,0x0000,0x0000,0x0000,0x0000,0x0000,0x0000,0x0000,0x0000,0x0000,0x0000,0x0000,0x0000,0x0000,0x0000,0x0000,
  0x0000,0x0000,0x0000,0x0000,0x0000,0x0000,0x0000,0x0000,0x0000,0x0000,0x0000,0x0000,0x0000,0x0000,0x0000,0x0000,
  0x0000,0x0000,0x0000,0x0000,0x0000,0x0000,0x0000,0x0000,0x0000,0x0000,0x0000,0x0000,0x0000,0x0000,0x0000,0x0000,
  0x0000,0x0000,0x0000,0x0000,0x0000,0x0000,0x0000,0x0000,0x0000,0x0000,0x0000,0x0000,0x0000,0x0000,0x0000,0x0000,
  0x0000,0x0000,0x0000,0x0000,0x0000,0x0000,0x0000,0x0000,0x0000,0x0000,0x0000,0x0000,0x0000,0x0000,0x0000,0x0000,
  0x0000,0x0000,0x0000,0x0000,0x0000,0x0000,0x0000,0x0000,0x0000,0x0000,0x0000,0x0000,0x0000,0x0000,0x0000,0x0000,
  0x0000,0x0000,0x0000,0x0000,0x0000,0x0000,0x0000,0x0000,0x0000,0x0000,0x0000,0x0000,0x0000,0x0000,0x0000,0x0000,
  0x0000,0x0000,0x0000,0x0000,0x0000,0x0000,0x0000,0x0000,0x0000,0x0000,0x0000,0x0000,0x0000,0x0000,0x0000,0x0000,
  0x0000,0x0000,0x0000,0x0000,0x0000,0x0000,0x0000,0x0000,0x0000,0x0000,0x0000,0x0000,0x0000,0x0000,0x0000,0x0000,
  0x0000,0x0000,0x0000,0x0000,0x0000,0x0000,0x0000,0x0000,0x0000,0x0000,0x0000,0x0000,0x0000,0x0000,0x0000,0x0000,
  0x0000,0x0000,0x0000,0x0000,0x0000,0x0000,0x0000,0x0000,0x0000,0x0000,0x0000,0x0000,0x0000,0x0000,0x0000,0x0000,
  0x0000,0x0000,0x0000,0x0000,0x0000,0x0000,0x0000,0x0000,0x0000,0x0000,0x0000,0x0000,0x0000,0x0000,0x0000,0x0000,
  0x0000,0x0000,0x0000,0x0000,0x0000,0x0000,0x0000,0x0000,0x0000,0x0000,0x0000,0x0000,0x0000,0x0000,0x0000,0x0000,
  0x0000,0x0000,0x0000,0x0000,0x0000,0x0000,0x0000,0x0000,0x0000,0x0000,0x0000,0x0000,0x0000,0x0000,0x0000,0x0000,
  0x0000,0x0000,0x0000,0x0000,0x0000,0x0000,0x0000,0x0000,0x0000,0x0000,0x0000,0x0000,0x0000,0x0000,0x0000,0x0000,
  0x0000,0x0000,0x0000,0x0000,0x0000,0x0000,0x0000,0x0000,0x0000,0x0000,0x0000,0x0000,0x0000,0x0000,0x0000,0x0000,
  0x0000,0x0000,0x0000,0x0000,0x0000,0x0000,0x0000,0x0000,0x0000,0x0000,0x0000,0x0000,0x0000,0x0000,0x0000,0x0000,
  0x0000,0x0000,0x0000,0x0000,0x0000,0x0000,0x0000,0x0000,0x0000,0x0000,0x0000,0x0000,0x0000,0x0000,0x0000,0x0000,
  0x0000,0x0000,0x0000,0x0000,0x0000,0x0000,0x0000,0x0000,0x0000,0x0000,0x0000,0x0000,0x0000,0x0000,0x0000,0x0000,
  0x0000,0x0000,0x0000,0x0000,0x0000,0x0000,0x0000,0x0000,0x0000,0x0000,0x0000,0x0000,0x0000,0x0000,0x0000,0x0000,
  0x0000,0x0000,0x0000,0x0000,0x0000,0x0000,0x0000,0x0000,0x0000,0x0000,0x0000,0x0000,0x0000,0x0000,0x0000,0x0000,
  0x0000,0x0000,0x0000,0x0000,0x0000,0x0000,0x0000,0x0000,0x0000,0x0000,0x0000,0x0000,0x0000,0x0000,0x0000,0x0000,
  0x0000,0x0000,0x0000,0x0000,0x0000,0x0000,0x0000,0x0000,0x0000,0x0000,0x0000,0x0000,0x0000,0x0000,0x0000,0x0000,
  0x0000,0x0000,0x0000,0x0000,0x0000,0x0000,0x0000,0x0000,0x0000,0x0000,0x0000,0x0000,0x0000,0x0000,0x0000,0x0000,
  0x0000,0x0000,0x0000,0x0000,0x0000,0x0000,0x0000,0x0000,0x0000,0x0000,0x0000,0x0000,0x0000,0x0000,0x0000,0x0000,
  0x0000,0x0000,0x0000,0x0000,0x0000,0x0000,0x0000,0x0000,0x0000,0x0000,0x0000,0x0000,0x0000,0x0000,0x0000,0x0000,
  0x0000,0x0000,0x0000,0x0000,0x0000,0x0000,0x0000,0x0000,0x0000,0x0000,0x0000,0x0000,0x0000,0x0000,0x0000,0x0000,
  0x0000,0x0000,0x0000,0x0000,0x0000,0x0000,0x0000,0x0000,0x0000,0x0000,0x0000,0x0000,0x0000,0x0000,0x0000,0x0000,
  0x0000,0x0000,0x0000,0x0000,0x0000,0x0000,0x0000,0x0000,0x0000,0x0000,0x0000,0x0000,0x0000,0x0000,0x0000,0x0000,
  0x0000,0x0000,0x0000,0x0000,0x0000,0x0000,0x0000,0x0000,0x0000,0x0000,0x0000,0x0000,0x0000,0x0000,0x0000,0x0000,
};

const uint16_t sprite_WORKING[64*64] PROGMEM = {
  0x0000,0x0000,0x0000,0x0000,0x0000,0x0000,0x0000,0x0000,0x0000,0x0000,0x0000,0x0000,0x0000,0x0000,0x0000,0x0000,
  0x0000,0x0000,0x0000,0x0000,0x0000,0x0000,0x0000,0x0000,0x0000,0x0000,0x0000,0x0000,0x0000,0x0000,0x0000,0x0000,
  0x0000,0x0000,0x0000,0x0000,0x0000,0x0000,0x0000,0x0000,0x0000,0x0000,0x0000,0x0000,0x0000,0x0000,0x0000,0x0000,
  0x0000,0x0000,0x0000,0x0000,0x0000,0x0000,0x0000,0x0000,0x0000,0x0000,0x0000,0x0000,0x0000,0x0000,0x0000,0x0000,
  0x0000,0x0000,0x0000,0x0000,0x0000,0x0000,0x0000,0x0000,0x0000,0x0000,0x0000,0x0000,0x0000,0x0000,0x0000,0x0000,
  0x0000,0x0000,0x0000,0x0000,0x0000,0x0000,0x0000,0x0000,0x0000,0x0000,0x0000,0x0000,0x0000,0x0000,0x0000,0x0000,
  0x0000,0x0000,0x0000,0x0000,0x0000,0x0000,0x0000,0x0000,0x0000,0x0000,0x0000,0x0000,0x0000,0x0000,0x0000,0x0000,
  0x0000,0x0000,0x0000,0x0000,0x0000,0x0000,0x0000,0x0000,0x0000,0x0000,0x0000,0x0000,0x0000,0x0000,0x0000,0x0000,
  0x0000,0x0000,0x0000,0x0000,0x0000,0x0000,0x0000,0x0000,0x0000,0x0000,0x0000,0x0000,0x0000,0x0000,0x0000,0x0000,
  0x0000,0x0000,0x0000,0x0000,0x0000,0x0000,0x0000,0x0000,0x0000,0x0000,0x0000,0x0000,0x0000,0x0000,0x0000,0x0000,
  0x0000,0x0000,0x0000,0x0000,0x0000,0x0000,0x0000,0x0000,0x0000,0x0000,0x0000,0x0000,0x0000,0x0000,0x0000,0x0000,
  0x0000,0x0000,0x0000,0x0000,0x0000,0x0000,0x0000,0x0000,0x0000,0x0000,0x0000,0x0000,0x0000,0x0000,0x0000,0x0000,
  0x0000,0x0000,0x0000,0x0000,0x0000,0x0000,0x0000,0x0000,0x0000,0x0000,0x0000,0x0000,0x0000,0x0000,0x0000,0x0000,
  0x0000,0x0000,0x0000,0x0000,0x0000,0x0000,0x0000,0x0000,0x0000,0x0000,0x0000,0x0000,0x0000,0x0000,0x0000,0x0000,
  0x0000,0x0000,0x0000,0x0000,0x0000,0x0000,0x0000,0x0000,0x0000,0x0000,0x0000,0x0000,0x0000,0x0000,0x0000,0x0000,
  0x0000,0x0000,0x0000,0x0000,0x0000,0x0000,0x0000,0x0000,0x0000,0x0000,0x0000,0x0000,0x0000,0x0000,0x0000,0x0000,
  0x0000,0x0000,0x0000,0x0000,0x0000,0x0000,0x0000,0x0000,0x0000,0x0000,0x0000,0x0000,0x0000,0x0000,0x0000,0x0000,
  0x0000,0x0000,0x0000,0x0000,0x0000,0x0000,0x0000,0x0000,0x0000,0x0000,0x0000,0x0000,0x0000,0x0000,0x0000,0x0000,
  0x0000,0x0000,0x0000,0x0000,0x0000,0x0000,0x0000,0x0000,0x0000,0x0000,0x0000,0x0000,0x0000,0x0000,0x0000,0x0000,
  0x0000,0x0000,0x0000,0x0000,0x0000,0x0000,0x0000,0x0000,0x0000,0x0000,0x0000,0x0000,0x0000,0x0000,0x0000,0x0000,
  0x0000,0x0000,0x0000,0x0000,0x0000,0x0000,0x0000,0x0000,0x0000,0x0000,0x0000,0x0000,0x0000,0x0000,0x0000,0x0000,
  0x0000,0x0000,0x0000,0x0000,0x0000,0x0000,0x0000,0x0000,0x0000,0x0000,0x0000,0x0000,0x0000,0x0000,0x0000,0x0000,
  0x0000,0x0000,0x0000,0x0000,0x0000,0x0000,0x0000,0x0000,0x0000,0x0000,0x0000,0x0000,0x0000,0x0000,0x0000,0x0000,
  0x0000,0x0000,0x0000,0x0000,0x0000,0x0000,0x0000,0x0000,0x0000,0x0000,0x0000,0x0000,0x0000,0x0000,0x0000,0x0000,
  0x0000,0x0000,0x0000,0x0000,0x0000,0x0000,0x0000,0x0000,0x0000,0x0000,0x0000,0x0000,0x0000,0x0000,0x0000,0x0000,
  0x0000,0x0000,0x0000,0x0000,0x0000,0x0000,0x0000,0x0000,0x0000,0x0000,0x0000,0x0000,0x0000,0x0000,0x0000,0x0000,
  0x0000,0x0000,0x0000,0x0000,0x0000,0x0000,0x0000,0x0000,0x0000,0x0000,0x0000,0x0000,0x0000,0x0000,0x0000,0x0000,
  0x0000,0x0000,0x0000,0x0000,0x0000,0x0000,0x0000,0x0000,0x0000,0x0000,0x0000,0x0000,0x0000,0x0000,0x0000,0x0000,
  0x0000,0x0000,0x0000,0x0000,0x0000,0x0000,0x0000,0x0000,0x0000,0x0000,0x0000,0x0000,0x0000,0x0000,0x0000,0x0000,
  0x0000,0x0000,0x0000,0x0000,0x0000,0x0000,0x0000,0x0000,0x0000,0x0000,0x0000,0x0000,0x0000,0x0000,0x0000,0x0000,
  0x0000,0x0000,0x0000,0x0000,0x0000,0x0000,0x0000,0x0000,0x0000,0x0000,0x0000,0x0000,0x0000,0x0000,0x0000,0x0000,
  0x0000,0x0000,0x0000,0x0000,0x0000,0x0000,0x0000,0x0000,0x0000,0x0000,0x0000,0x0000,0x0000,0x0000,0x0000,0x0000,
  0x0000,0x0000,0x0000,0x0000,0x0000,0x0000,0x0000,0x0000,0x0000,0x0000,0x0000,0x0000,0x0000,0x0000,0x0000,0x0000,
  0x0000,0x0000,0x0000,0x0000,0x0000,0x0000,0x0000,0x0000,0x0000,0x0000,0x0000,0x0000,0x0000,0x0000,0x0000,0x0000,
  0x0000,0x0000,0x0000,0x0000,0x0000,0x0000,0x0000,0x0000,0x0000,0x0000,0x0000,0x0000,0x0000,0x0000,0x0000,0x0000,
  0x0000,0x0000,0x0000,0x0000,0x0000,0x0000,0x0000,0x0000,0x0000,0x0000,0x0000,0x0000,0x0000,0x0000,0x0000,0x0000,
  0x0000,0x0000,0x0000,0x0000,0x0000,0x0000,0x0000,0x0000,0x0000,0x0000,0x0000,0x0000,0x0000,0x0000,0x0000,0x0000,
  0x0000,0x0000,0x0000,0x0000,0x0000,0x0000,0x0000,0x0000,0x0000,0x0000,0x0000,0x0000,0x0000,0x0000,0x0000,0x0000,
  0x0000,0x0000,0x0000,0x0000,0x0000,0x0000,0x0000,0x0000,0x0000,0x0000,0x0000,0x0000,0x0000,0x0000,0x0000,0x0000,
  0x0000,0x0000,0x0000,0x0000,0x0000,0x0000,0x0000,0x0000,0x0000,0x0000,0x0000,0x0000,0x0000,0x0000,0x0000,0x0000,
  0x0000,0x0000,0x0000,0x0000,0x0000,0x0000,0x0000,0x0000,0x0000,0x0840,0x1041,0x0841,0x1040,0x1040,0x1040,0x1040,
  0x1040,0x1040,0x1040,0x1040,0x1040,0x1040,0x1040,0x1040,0x1040,0x1040,0x1040,0x1040,0x1040,0x1040,0x1040,0x1040,
  0x1040,0x1040,0x1040,0x1040,0x1040,0x1040,0x1040,0x1040,0x1040,0x1040,0x1040,0x1040,0x1040,0x1040,0x1040,0x1040,
  0x1040,0x1040,0x1040,0x1040,0x0841,0x1041,0x0840,0x0000,0x0000,0x0000,0x0000,0x0000,0x0000,0x0000,0x0000,0x0000,
  0x0000,0x0000,0x0000,0x0000,0x0000,0x0000,0x0000,0x0000,0x2082,0x92C9,0xBB8B,0xB36B,0xB36B,0xB36B,0xB36B,0xB36B,
  0xB36B,0xB36B,0xB36B,0xB36B,0xB36B,0xB36B,0xB36B,0xB36B,0xB36B,0xB36B,0xB36B,0xB36B,0xB36B,0xB36B,0xB36B,0xB36B,
  0xB36B,0xB36B,0xB36B,0xB36B,0xB36B,0xB36B,0xB36B,0xB36B,0xB36B,0xB36B,0xB36B,0xB36B,0xB36B,0xB36B,0xB36B,0xB36B,
  0xB36B,0xB36B,0xB36B,0xB36B,0xB36B,0xBB8B,0x92C9,0x2082,0x0000,0x0000,0x0000,0x0000,0x0000,0x0000,0x0000,0x0000,
  0x0000,0x0000,0x0000,0x0000,0x0000,0x0000,0x0000,0x0000,0x28C2,0xC3AB,0xF4AE,0xE46E,0xEC6E,0xEC6E,0xEC6E,0xEC6E,
  0xEC6E,0xEC6E,0xEC6E,0xEC6E,0xEC6E,0xEC6E,0xEC6E,0xEC6E,0xEC6E,0xEC6E,0xEC6E,0xEC6E,0xEC6E,0xEC6E,0xEC6E,0xEC6E,
  0xEC6E,0xEC6E,0xEC6E,0xEC6E,0xEC6E,0xEC6E,0xEC6E,0xEC6E,0xEC6E,0xEC6E,0xEC6E,0xEC6E,0xEC6E,0xEC6E,0xEC6E,0xEC6E,
  0xEC6E,0xEC6E,0xEC6E,0xEC6E,0xE46E,0xF4AE,0xC3AB,0x28C2,0x0000,0x0000,0x0000,0x0000,0x0000,0x0000,0x0000,0x0000,
  0x0000,0x0000,0x0000,0x0000,0x0000,0x0000,0x0000,0x0000,0x28C2,0xB36B,0xE46D,0xDC2D,0xDC2D,0xDC2D,0xDC2D,0xDC2D,
  0xDC2D,0xDC2D,0xDC2D,0xDC2D,0xDC2D,0xDC2D,0xDC2D,0xDC2D,0xDC2D,0xDC2D,0xDC2D,0xDC2D,0xDC2D,0xDC2D,0xDC2D,0xDC2D,
  0xDC2D,0xDC2D,0xDC2D,0xDC2D,0xDC2D,0xDC2D,0xDC2D,0xDC2D,0xDC2D,0xDC2D,0xDC2D,0xDC2D,0xDC2D,0xDC2D,0xDC2D,0xDC2D,
  0xDC2D,0xDC2D,0xDC2D,0xDC2D,0xDC2D,0xE46D,0xB36B,0x28C2,0x0000,0x0000,0x0000,0x0000,0x0000,0x0000,0x0000,0x0000,
  0x0000,0x0000,0x0000,0x0000,0x0000,0x0000,0x0000,0x0000,0x28C2,0xB38B,0xE46E,0xDC2D,0xDC4D,0xDC4D,0xDC4D,0xDC4D,
  0xDC4D,0xDC4D,0xDC4D,0xDC4D,0xDC4D,0xDC4D,0xDC4D,0xDC4D,0xDC4D,0xDC4D,0xDC4D,0xDC4D,0xDC4D,0xDC4D,0xDC4D,0xDC4D,
  0xDC4D,0xDC4D,0xDC4D,0xDC4D,0xDC4D,0xDC4D,0xDC4D,0xDC4D,0xDC4D,0xDC4D,0xDC4D,0xDC4D,0xDC4D,0xDC4D,0xDC4D,0xDC4D,
  0xDC4D,0xDC4D,0xDC4D,0xDC4D,0xDC2D,0xE46E,0xB38B,0x28C2,0x0000,0x0000,0x0000,0x0000,0x0000,0x0000,0x0000,0x0000,
  0x0000,0x0000,0x0000,0x0000,0x0000,0x0000,0x0000,0x0000,0x28C2,0xB38B,0xE46E,0xDC2D,0xDC4D,0xDC4D,0xDC4D,0xDC4D,
  0xDC4D,0xDC4D,0xDC4D,0xDC4D,0xDC4D,0xDC4D,0xDC4D,0xDC4D,0xDC4D,0xDC4D,0xDC4D,0xDC4D,0xDC4D,0xDC4D,0xDC4D,0xDC4D,
  0xDC4D,0xDC4D,0xDC4D,0xDC4D,0xDC4D,0xDC4D,0xDC4D,0xDC4D,0xDC4D,0xDC4D,0xDC4D,0xDC4D,0xDC4D,0xDC4D,0xDC4D,0xDC4D,
  0xDC4D,0xDC4D,0xDC4D,0xDC4D,0xDC2D,0xE46E,0xB38B,0x28C2,0x0000,0x0000,0x0000,0x0000,0x0000,0x0000,0x0000,0x0000,
  0x0000,0x0000,0x0000,0x0000,0x0000,0x0000,0x0000,0x0000,0x28C2,0xB38B,0xE46E,0xDC2D,0xDC4D,0xDC4D,0xDC4D,0xDC4D,
  0xDC4D,0xDC4D,0xDC4D,0xDC4D,0xDC4D,0xDC4D,0xDC4D,0xDC4D,0xDC4D,0xDC4D,0xDC4D,0xDC4D,0xDC4D,0xDC4D,0xDC4D,0xDC4D,
  0xDC4D,0xDC4D,0xDC4D,0xDC4D,0xDC4D,0xDC4D,0xDC4D,0xDC4D,0xDC4D,0xDC4D,0xDC4D,0xDC4D,0xDC4D,0xDC4D,0xDC4D,0xDC4D,
  0xDC4D,0xDC4D,0xDC4D,0xDC4D,0xDC2D,0xE46E,0xB38B,0x28C2,0x0000,0x0000,0x0000,0x0000,0x0000,0x0000,0x0000,0x0000,
  0x0000,0x0000,0x0000,0x0000,0x0000,0x0000,0x0000,0x0000,0x28C2,0xB38B,0xE46E,0xDC2D,0xDC4D,0xDC4D,0xDC4D,0xDC4D,
  0xDC4D,0xDC4D,0xDC4D,0xDC4D,0xDC4D,0xDC4D,0xDC4D,0xDC4D,0xDC4D,0xDC4D,0xDC4D,0xDC4D,0xDC4D,0xDC4D,0xDC4D,0xDC4D,
  0xDC4D,0xDC4D,0xDC4D,0xDC4D,0xDC4D,0xDC4D,0xDC4D,0xDC4D,0xDC4D,0xDC4D,0xDC4D,0xDC4D,0xDC4D,0xDC4D,0xDC4D,0xDC4D,
  0xDC4D,0xDC4D,0xDC4D,0xDC4D,0xDC2D,0xE46E,0xB38B,0x28C2,0x0000,0x0000,0x0000,0x0000,0x0000,0x0000,0x0000,0x0000,
  0x0000,0x0000,0x0000,0x0000,0x0000,0x0000,0x0000,0x0000,0x28C2,0xB38B,0xE46E,0xDC2D,0xDC4D,0xDC4D,0xDC4D,0xDC4D,
  0xDC4D,0xDC4D,0xDC4D,0xDC4D,0xDC4D,0xDC4D,0xDC4D,0xDC4D,0xDC4D,0xDC4D,0xDC4D,0xDC4D,0xDC4D,0xDC4D,0xDC4D,0xDC4D,
  0xDC4D,0xDC4D,0xDC4D,0xDC4D,0xDC4D,0xDC4D,0xDC4D,0xDC4D,0xDC4D,0xDC4D,0xDC4D,0xDC4D,0xDC4D,0xDC4D,0xDC4D,0xDC4D,
  0xDC4D,0xDC4D,0xDC4D,0xDC4D,0xDC2D,0xE46E,0xB38B,0x28C2,0x0000,0x0000,0x0000,0x0000,0x0000,0x0000,0x0000,0x0000,
  0x0000,0x0000,0x0000,0x0000,0x0000,0x0000,0x0000,0x0000,0x28C2,0xB38B,0xE46E,0xDC2D,0xDC4D,0xDC4D,0xDC4D,0xDC4D,
  0xDC4D,0xDC2D,0xDC2D,0xDC2D,0xDC2D,0xDC4D,0xDC4D,0xDC4D,0xDC4D,0xDC4D,0xDC4D,0xDC4D,0xDC4D,0xDC4D,0xDC4D,0xDC4D,
  0xDC4D,0xDC4D,0xDC4D,0xDC4D,0xDC4D,0xDC4D,0xDC4D,0xDC4D,0xDC4D,0xDC4D,0xDC4D,0xDC2D,0xDC2D,0xDC2D,0xDC2D,0xDC4D,
  0xDC4D,0xDC4D,0xDC4D,0xDC4D,0xDC2D,0xE46E,0xB38B,0x28C2,0x0000,0x0000,0x0000,0x0000,0x0000,0x0000,0x0000,0x0000,
  0x0000,0x0000,0x0000,0x0000,0x0000,0x0000,0x0000,0x0000,0x28C2,0xB38B,0xE46E,0xDC2D,0xDC4D,0xDC4D,0xDC4D,0xDC4D,
  0xDC4D,0xE46E,0xEC6E,0xEC6E,0xEC6E,0xE44E,0xDC2D,0xDC4D,0xDC4D,0xDC4D,0xDC4D,0xDC4D,0xDC4D,0xDC4D,0xDC4D,0xDC4D,
  0xDC4D,0xDC4D,0xDC4D,0xDC4D,0xDC4D,0xDC4D,0xDC4D,0xDC4D,0xDC4D,0xDC2D,0xE44E,0xEC6E,0xEC6E,0xEC6E,0xE46E,0xDC4D,
  0xDC4D,0xDC4D,0xDC4D,0xDC4D,0xDC2D,0xE46E,0xB38B,0x28C2,0x0000,0x0000,0x0000,0x0000,0x0000,0x0000,0x0000,0x0000,
  0x0000,0x0000,0x0000,0x0000,0x0000,0x0000,0x0020,0x0000,0x28C2,0xB38B,0xE46E,0xDC2D,0xDC4D,0xDC4D,0xDC4D,0xDC4D,
  0xDC2D,0xA32A,0x8288,0x8288,0x8268,0xAB2A,0xE46E,0xDC2D,0xDC4D,0xDC4D,0xDC4D,0xDC4D,0xDC4D,0xDC4D,0xDC4D,0xDC4D,
  0xDC4D,0xDC4D,0xDC4D,0xDC4D,0xDC4D,0xDC4D,0xDC4D,0xDC4D,0xDC2D,0xE46E,0xAB2A,0x8268,0x8288,0x8288,0xA32A,0xDC2D,
  0xDC4D,0xDC4D,0xDC4D,0xDC4D,0xDC2D,0xE46E,0xB38B,0x28C2,0x0000,0x0020,0x0000,0x0000,0x0000,0x0000,0x0000,0x0000,
  0x0000,0x0000,0x0000,0x0000,0x0000,0x0000,0x0000,0x0000,0x1881,0xB36B,0xE46E,0xDC2D,0xDC4D,0xDC4D,0xDC4D,0xE44D,
  0xDC2D,0x4964,0x0000,0x0000,0x0000,0x5184,0xF4AF,0xD42D,0xDC4D,0xDC4D,0xDC4D,0xDC4D,0xDC4D,0xDC4D,0xDC4D,0xDC4D,
  0xDC4D,0xDC4D,0xDC4D,0xDC4D,0xDC4D,0xDC4D,0xDC4D,0xDC4D,0xD42D,0xF4AF,0x5184,0x0000,0x0000,0x0000,0x4964,0xDC2D,
  0xE44D,0xDC4D,0xDC4D,0xDC4D,0xDC2D,0xE46E,0xB36B,0x1881,0x0000,0x0000,0x0000,0x0000,0x0000,0x0000,0x0000,0x0000,
  0x20A2,0x59C5,0x59A5,0x59A5,0x59A5,0x59A5,0x59C5,0x59C5,0x61E6,0xBB8B,0xE46E,0xDC2D,0xDC4D,0xDC4D,0xDC4D,0xDC4D,
  0xDC2D,0x59C5,0x0820,0x0840,0x0820,0x61E6,0xF4AE,0xD42D,0xDC4D,0xDC4D,0xDC4D,0xDC4D,0xDC4D,0xDC4D,0xDC4D,0xDC4D,
  0xDC4D,0xDC4D,0xDC4D,0xDC4D,0xDC4D,0xDC4D,0xDC4D,0xDC4D,0xD42D,0xF4AE,0x61E6,0x0820,0x0840,0x0820,0x59C5,0xDC2D,
  0xDC4D,0xDC4D,0xDC4D,0xDC4D,0xDC2D,0xE46E,0xBB8B,0x61E6,0x59C5,0x59C5,0x59A5,0x59A5,0x59A5,0x59A5,0x59C5,0x20A2,
  0x5185,0xEC8E,0xE46E,0xEC6E,0xEC6E,0xEC6E,0xE46E,0xEC8E,0xC3AB,0xC3AC,0xE46E,0xDC2D,0xDC4D,0xDC4D,0xE44D,0xE44D,
  0xE42D,0x4964,0x0000,0x0000,0x0000,0x5184,0xFCAE,0xDC0C,0xE44D,0xE44D,0xE44D,0xE44D,0xE44D,0xE44D,0xE44D,0xE44D,
  0xE44D,0xE44D,0xE44D,0xE44D,0xE44D,0xE44D,0xE44D,0xE44D,0xDC0C,0xFCAE,0x5184,0x0000,0x0000,0x0000,0x4964,0xE42D,
  0xE44D,0xE44D,0xDC4D,0xDC4D,0xDC2D,0xE46E,0xC3AC,0xC3AB,0xEC8E,0xE46E,0xEC6E,0xEC6E,0xEC6E,0xE46E,0xEC8E,0x5185,
  0x5184,0xDC4D,0xDC2D,0xDC2D,0xDC2D,0xDC2D,0xDC2D,0xE44D,0xBB8B,0xC3AC,0xE46E,0xDC2D,0xDC4D,0xE44D,0xCC4F,0xBC4F,
  0xB44F,0x7B0B,0x4A49,0x5249,0x4A49,0x7B2C,0xC490,0xB44F,0xBC4F,0xBC4F,0xBC4F,0xBC4F,0xBC4F,0xBC4F,0xBC4F,0xBC4F,
  0xBC4F,0xBC4F,0xBC4F,0xBC4F,0xBC4F,0xBC4F,0xBC4F,0xBC4F,0xB44F,0xC490,0x7B2C,0x4A49,0x5249,0x4A49,0x7B0B,0xB44F,
  0xBC4F,0xCC4F,0xE44D,0xDC4D,0xDC2D,0xE46E,0xC3AC,0xBB8B,0xE44D,0xDC2D,0xDC2D,0xDC2D,0xDC2D,0xDC2D,0xDC4D,0x5184,
  0x5184,0xDC4D,0xDC4D,0xDC2D,0xDC2D,0xDC2D,0xDC2D,0xE46E,0xBB8B,0xC3AC,0xE46E,0xDC2D,0xE44D,0xBC4F,0x8472,0x7C73,
  0x7C93,0x8493,0x84B3,0x84B3,0x84B3,0x8493,0x7C73,0x7C93,0x7C73,0x7C73,0x7C73,0x7C73,0x7C73,0x7C73,0x7C73,0x7C73,
  0x7C73,0x7C73,0x7C73,0x7C73,0x7C73,0x7C73,0x7C73,0x7C73,0x7C93,0x7C73,0x8493,0x84B3,0x84B3,0x84B3,0x8493,0x7C93,
  0x7C73,0x8472,0xBC4F,0xE44D,0xDC2D,0xE46E,0xC3AC,0xBB8B,0xE46E,0xDC2D,0xDC2D,0xDC2D,0xDC2D,0xDC4D,0xDC4D,0x5184,
  0x5184,0xE44D,0xDC2D,0xDC4D,0xDC4D,0xDC4D,0xDC2D,0xE46E,0xBB8B,0xC3AC,0xE46E,0xDC2D,0xE42D,0x8C72,0x7493,0x7493,
  0x7493,0x7473,0x7473,0x7473,0x7473,0x7493,0x7493,0x7493,0x7493,0x7493,0x7493,0x7493,0x7493,0x7493,0x7493,0x7493,
  0x7493,0x7493,0x7493,0x7493,0x7493,0x7493,0x7493,0x7493,0x7493,0x7493,0x7493,0x7473,0x7473,0x7473,0x7473,0x7493,
  0x7493,0x7493,0x8C72,0xE42D,0xDC2D,0xE46E,0xC3AC,0xBB8B,0xE46E,0xDC2D,0xDC4D,0xDC4D,0xDC4D,0xDC2D,0xE44D,0x5184,
  0x5184,0xE44D,0xDC2D,0xDC4D,0xDC4D,0xDC4D,0xDC2D,0xE46E,0xBB8B,0xC3AC,0xE46E,0xDC2D,0xE42D,0x8472,0x7493,0x7C93,
  0x7C93,0x7C93,0x7C93,0x7C93,0x7C93,0x7C93,0x7C93,0x7C93,0x7C93,0x7C93,0x7C93,0x7C93,0x7C93,0x7C93,0x7C93,0x7C93,
  0x7C93,0x7C93,0x7C93,0x7C93,0x7C93,0x7C93,0x7C93,0x7C93,0x7C93,0x7C93,0x7C93,0x7C93,0x7C93,0x7C93,0x7C93,0x7C93,
  0x7C93,0x7493,0x8472,0xE42D,0xDC2D,0xE46E,0xC3AC,0xBB8B,0xE46E,0xDC2D,0xDC4D,0xDC4D,0xDC4D,0xDC2D,0xE44D,0x5184,
  0x5184,0xE44D,0xDC2D,0xDC4D,0xDC4D,0xDC4D,0xDC2D,0xE46E,0xBB8B,0xC3AC,0xE46E,0xDC2D,0xE42D,0x8472,0x7493,0x7C93,
  0x7C93,0x7C93,0x7C93,0x7C93,0x7C93,0x7C93,0x7C93,0x7C93,0x7C93,0x7C93,0x7C93,0x7C93,0x7C93,0x7C93,0x7C73,0x7493,
  0x7493,0x7C73,0x7C93,0x7C93,0x7C93,0x7C93,0x7C93,0x7C93,0x7C93,0x7C93,0x7C93,0x7C93,0x7C93,0x7C93,0x7C93,0x7C93,
  0x7C93,0x7493,0x8472,0xE42D,0xDC2D,0xE46E,0xC3AC,0xBB8B,0xE46E,0xDC2D,0xDC4D,0xDC4D,0xDC4D,0xDC2D,0xE44D,0x5184,
  0x5184,0xE44E,0xDC4D,0xDC4D,0xDC4D,0xDC4D,0xDC2D,0xE46E,0xBB8B,0xC3AC,0xE46E,0xDC2D,0xE42D,0x8472,0x7493,0x7C93,
  0x7C93,0x7C93,0x7C93,0x7C93,0x7C93,0x7C93,0x7C93,0x7C93,0x7C93,0x7C93,0x7C93,0x7C93,0x7493,0x74B5,0x6CD5,0x6CD5,
  0x6CD5,0x6CD5,0x74B5,0x7493,0x7C93,0x7C93,0x7C93,0x7C93,0x7C93,0x7C93,0x7C93,0x7C93,0x7C93,0x7C93,0x7C93,0x7C93,
  0x7C93,0x7493,0x8472,0xE42D,0xDC2D,0xE46E,0xC3AC,0xBB8B,0xE46E,0xDC2D,0xDC4D,0xDC4D,0xDC4D,0xDC4D,0xE44E,0x5184,
  0x5184,0xDC4D,0xDC2D,0xDC2D,0xDC2D,0xDC2D,0xDC2D,0xE44D,0xBB8B,0xC3AC,0xE46E,0xDC2D,0xE42D,0x8472,0x7493,0x7C93,
  0x7C93,0x7C93,0x7C93,0x7C93,0x7C93,0x7C93,0x7C93,0x7C93,0x7C93,0x7C93,0x7C93,0x7494,0x6CD5,0x6CD6,0x6CD6,0x6CD6,
  0x6CD6,0x6CD6,0x6CD6,0x6CD5,0x7494,0x7C93,0x7C93,0x7C93,0x7C93,0x7C93,0x7C93,0x7C93,0x7C93,0x7C93,0x7C93,0x7C93,
  0x7C93,0x7493,0x8472,0xE42D,0xDC2D,0xE46E,0xC3AC,0xBB8B,0xE44D,0xDC2D,0xDC2D,0xDC2D,0xDC2D,0xDC2D,0xDC4D,0x5184,
  0x0000,0x0000,0x0000,0x0000,0x0000,0x0000,0x0000,0x0000,0x28C2,0xB38B,0xE46E,0xDC2D,0xE42D,0x8472,0x7493,0x7C93,
  0x7C93,0x7C93,0x7C93,0x7C93,0x7C93,0x7C93,0x7C93,0x7C93,0x7C93,0x7C93,0x7493,0x6CD5,0x6CD6,0x6CD6,0x6CD5,0x6CD5,
  0x6CD5,0x6CD5,0x6CD6,0x6CD6,0x6CD5,0x7493,0x7C93,0x7C93,0x7C93,0x7C93,0x7C93,0x7C93,0x7C93,0x7C93,0x7C93,0x7C93,
  0x7C93,0x7493,0x8472,0xE42D,0xDC2D,0xE46E,0xB38B,0x28C2,0x0000,0x0000,0x0000,0x0000,0x0000,0x0000,0x0000,0x0000,
  0x0000,0x0000,0x0000,0x0000,0x0000,0x0000,0x0000,0x0000,0x20C2,0xB38B,0xE46E,0xDC2D,0xE42D,0x8472,0x7493,0x7C93,
  0x7C93,0x7C93,0x7C93,0x7C93,0x7C93,0x7C93,0x7C93,0x7C93,0x7C93,0x7C93,0x74B5,0x6CD6,0x6CD6,0x6CD6,0x7516,0x7516,
  0x7516,0x7516,0x6CD6,0x6CD6,0x6CD6,0x74B5,0x7C93,0x7C93,0x7C93,0x7C93,0x7C93,0x7C93,0x7C93,0x7C93,0x7C93,0x7C93,
  0x7C93,0x7493,0x8472,0xE42D,0xDC2D,0xE46E,0xB38B,0x20C2,0x0000,0x0000,0x0000,0x0000,0x0000,0x0000,0x0000,0x0000,
  0x0000,0x0000,0x0000,0x0000,0x0000,0x0000,0x0000,0x0000,0x28C2,0xB38B,0xE46E,0xDC2D,0xE42D,0x8472,0x7493,0x7C93,
  0x7C93,0x7C93,0x7C93,0x7C93,0x7C93,0x7C93,0x7C93,0x7C93,0x7C93,0x7494,0x6CD5,0x6CD6,0x6CD5,0x7D37,0xE75E,0xEF9E,
  0xEF9E,0xE75E,0x7D37,0x6CD5,0x6CD6,0x6CD5,0x7494,0x7C93,0x7C93,0x7C93,0x7C93,0x7C93,0x7C93,0x7C93,0x7C93,0x7C93,
  0x7C93,0x7493,0x8472,0xE42D,0xDC2D,0xE46E,0xB38B,0x28C2,0x0000,0x0000,0x0000,0x0000,0x0000,0x0000,0x0000,0x0000,
  0x0000,0x0000,0x0000,0x0000,0x0000,0x0000,0x0000,0x0000,0x28C2,0xB38B,0xE46E,0xDC2D,0xE42D,0x8472,0x7493,0x7C93,
  0x7C93,0x7C93,0x7C93,0x7C93,0x7C93,0x7C93,0x7C93,0x7C93,0x7C73,0x74B4,0x6CD5,0x6CD6,0x6CD5,0x8557,0xF7DF,0xFFFF,
  0xFFFF,0xF7DF,0x8557,0x6CD5,0x6CD6,0x6CD5,0x7494,0x7C73,0x7C93,0x7C93,0x7C93,0x7C93,0x7C93,0x7C93,0x7C93,0x7C93,
  0x7C93,0x7493,0x8472,0xE42D,0xDC2D,0xE46E,0xB38B,0x28C2,0x0000,0x0000,0x0000,0x0000,0x0000,0x0000,0x0000,0x0000,
  0x0000,0x0000,0x0000,0x0000,0x0000,0x0000,0x0000,0x0000,0x28C2,0xB38B,0xE46E,0xDC2D,0xE42D,0x8472,0x7493,0x7C93,
  0x7C93,0x7C93,0x7C93,0x7C93,0x7C93,0x7C93,0x7C93,0x7C93,0x7C73,0x7494,0x6CD5,0x6CD6,0x6CD5,0x8557,0xF7DF,0xFFFF,
  0xFFFF,0xF7DF,0x8557,0x6CD5,0x6CD6,0x6CD5,0x7494,0x7C73,0x7C93,0x7C93,0x7C93,0x7C93,0x7C93,0x7C93,0x7C93,0x7C93,
  0x7C93,0x7493,0x8472,0xE42D,0xDC2D,0xE46E,0xB38B,0x28C2,0x0000,0x0000,0x0000,0x0000,0x0000,0x0000,0x0000,0x0000,
  0x0000,0x0000,0x0000,0x0000,0x0000,0x0000,0x0000,0x0000,0x28C2,0xB38B,0xE46E,0xDC2D,0xE42D,0x8472,0x7493,0x7C93,
  0x7C93,0x7C93,0x7C93,0x7C93,0x7C93,0x7C93,0x7C93,0x7C93,0x7C73,0x7494,0x6CD5,0x6CD6,0x6CD5,0x8557,0xF7BE,0xFFDF,
  0xFFDF,0xF7BE,0x8557,0x6CD5,0x6CD6,0x6CD5,0x7494,0x7C73,0x7C93,0x7C93,0x7C93,0x7C93,0x7C93,0x7C93,0x7C93,0x7C93,
  0x7C93,0x7493,0x8472,0xE42D,0xDC2D,0xE46E,0xB38B,0x28C2,0x0000,0x0000,0x0000,0x0000,0x0000,0x0000,0x0000,0x0000,
  0x0000,0x0000,0x0000,0x0000,0x0000,0x0000,0x0000,0x0000,0x28C2,0xB36B,0xE46D,0xD42D,0xE42D,0x8472,0x7493,0x7C93,
  0x7C93,0x7C93,0x7C93,0x7C93,0x7C93,0x7C93,0x7C93,0x7C93,0x7C93,0x7493,0x6CD5,0x6CD6,0x6CD5,0x74F6,0xA5F9,0xA619,
  0xA619,0xA5F9,0x74F6,0x6CD5,0x6CD6,0x6CD5,0x7493,0x7C93,0x7C93,0x7C93,0x7C93,0x7C93,0x7C93,0x7C93,0x7C93,0x7C93,
  0x7C93,0x7493,0x8472,0xE42D,0xD42D,0xE46D,0xB36B,0x28C2,0x0000,0x0000,0x0000,0x0000,0x0000,0x0000,0x0000,0x0000,
  0x0000,0x0000,0x0000,0x0000,0x0000,0x0000,0x0000,0x0000,0x28C2,0xBBAB,0xF4AE,0xE46E,0xF46D,0x8C92,0x7493,0x7C93,
  0x7C93,0x7C93,0x7C93,0x7C93,0x7C93,0x7C93,0x7C93,0x7C93,0x7C93,0x7C73,0x7494,0x6CD6,0x6CD6,0x6CD5,0x64B5,0x6495,
  0x6495,0x64B5,0x6CD5,0x6CD6,0x6CD6,0x74B4,0x7C73,0x7C93,0x7C93,0x7C93,0x7C93,0x7C93,0x7C93,0x7C93,0x7C93,0x7C93,
  0x7C93,0x7493,0x8C92,0xF46D,0xE46E,0xF4AE,0xBBAB,0x28C2,0x0000,0x0000,0x0000,0x0000,0x0000,0x0000,0x0000,0x0000,
  0x0000,0x0000,0x0000,0x0000,0x0000,0x0000,0x0000,0x0000,0x1041,0x4964,0x59C5,0x59C5,0x59A5,0x7411,0x7CB4,0x7473,
  0x7C93,0x7C93,0x7C93,0x7C93,0x7C93,0x7C93,0x7C93,0x7C93,0x7C93,0x7C93,0x7C73,0x74B4,0x6CD6,0x6CD6,0x74F6,0x74F6,
  0x74F6,0x74F6,0x6CD6,0x6CD6,0x74B4,0x7C93,0x7C93,0x7C93,0x7C93,0x7C93,0x7C93,0x7C93,0x7C93,0x7C93,0x7C93,0x7C93,
  0x7473,0x7CB4,0x7411,0x59A5,0x59C5,0x59C5,0x4964,0x1041,0x0000,0x0000,0x0000,0x0000,0x0000,0x0000,0x0000,0x0000,
  0x0000,0x0000,0x0000,0x0000,0x0000,0x0000,0x0000,0x0000,0x0000,0x0000,0x0000,0x0000,0x0000,0x63D0,0x7CB4,0x7473,
  0x7C93,0x7C93,0x7C93,0x7C93,0x7C93,0x7C93,0x7C93,0x7C93,0x7C93,0x7C93,0x7C93,0x7C93,0x74B4,0x74D5,0x6CD6,0x6CD6,
  0x6CD6,0x6CD6,0x74D5,0x74B4,0x7C93,0x7C93,0x7C93,0x7C93,0x7C93,0x7C93,0x7C93,0x7C93,0x7C93,0x7C93,0x7C93,0x7C93,
  0x7473,0x7CB4,0x63D0,0x0000,0x0000,0x0000,0x0000,0x0000,0x0000,0x0000,0x0000,0x0000,0x0000,0x0000,0x0000,0x0000,
  0x0000,0x0000,0x0000,0x0000,0x0000,0x0000,0x0000,0x0000,0x0000,0x0000,0x0000,0x0020,0x0000,0x63D0,0x7CB4,0x7473,
  0x7C93,0x7C93,0x7C93,0x7C93,0x7C93,0x7C93,0x7C93,0x7C93,0x7C93,0x7C93,0x7C93,0x7C93,0x7C93,0x7493,0x7494,0x7494,
  0x7494,0x7494,0x7493,0x7C93,0x7C93,0x7C93,0x7C93,0x7C93,0x7C93,0x7C93,0x7C93,0x7C93,0x7C93,0x7C93,0x7C93,0x7C93,
  0x7473,0x7CB4,0x63D0,0x0000,0x0020,0x0000,0x0000,0x0000,0x0000,0x0000,0x0000,0x0000,0x0000,0x0000,0x0000,0x0000,
  0x0000,0x0000,0x0000,0x0000,0x0000,0x0000,0x0000,0x0000,0x0000,0x0000,0x0000,0x0000,0x0000,0x63D0,0x7CB4,0x7473,
  0x7C93,0x7C93,0x7C93,0x7C93,0x7C93,0x7C93,0x7C93,0x7C93,0x7C93,0x7C93,0x7C93,0x7C93,0x7C93,0x7C93,0x7C73,0x7C73,
  0x7C73,0x7C73,0x7C93,0x7C93,0x7C93,0x7C93,0x7C93,0x7C93,0x7C93,0x7C93,0x7C93,0x7C93,0x7C93,0x7C93,0x7C93,0x7C93,
  0x7473,0x7CB4,0x63D0,0x0000,0x0000,0x0000,0x0000,0x0000,0x0000,0x0000,0x0000,0x0000,0x0000,0x0000,0x0000,0x0000,
  0x0000,0x0000,0x0000,0x0000,0x0000,0x0000,0x0000,0x0000,0x0000,0x0000,0x0000,0x0000,0x0000,0x63D0,0x7CB4,0x7473,
  0x7C93,0x7C93,0x7C93,0x7C93,0x7C93,0x7C93,0x7C93,0x7C93,0x7C93,0x7C93,0x7C93,0x7C93,0x7C93,0x7C93,0x7C93,0x7C93,
  0x7C93,0x7C93,0x7C93,0x7C93,0x7C93,0x7C93,0x7C93,0x7C93,0x7C93,0x7C93,0x7C93,0x7C93,0x7C93,0x7C93,0x7C93,0x7C93,
  0x7473,0x7CB4,0x63D0,0x0000,0x0000,0x0000,0x0000,0x0000,0x0000,0x0000,0x0000,0x0000,0x0000,0x0000,0x0000,0x0000,
  0x0000,0x0000,0x0000,0x0000,0x0000,0x0000,0x0000,0x0000,0x0000,0x0000,0x0000,0x0000,0x0000,0x63D0,0x7CB4,0x7473,
  0x7C93,0x7C93,0x7C93,0x7C93,0x7C93,0x7C93,0x7C93,0x7C93,0x7C93,0x7C93,0x7C93,0x7C93,0x7C93,0x7C93,0x7C93,0x7C93,
  0x7C93,0x7C93,0x7C93,0x7C93,0x7C93,0x7C93,0x7C93,0x7C93,0x7C93,0x7C93,0x7C93,0x7C93,0x7C93,0x7C93,0x7C93,0x7C93,
  0x7473,0x7CB4,0x63D0,0x0000,0x0000,0x0000,0x0000,0x0000,0x0000,0x0000,0x0000,0x0000,0x0000,0x0000,0x0000,0x0000,
  0x0000,0x0000,0x0000,0x0000,0x0000,0x0000,0x0000,0x0000,0x0000,0x0000,0x0000,0x0000,0x0882,0x6C11,0x7CB4,0x7C73,
  0x7C93,0x7C93,0x7C93,0x7C93,0x7C93,0x7C93,0x7C93,0x7C93,0x7C93,0x7C93,0x7C93,0x7C93,0x7C93,0x7C93,0x7C93,0x7C93,
  0x7C93,0x7C93,0x7C93,0x7C93,0x7C93,0x7C93,0x7C93,0x7C93,0x7C93,0x7C93,0x7C93,0x7C93,0x7C93,0x7C93,0x7C93,0x7C93,
  0x7C73,0x7CB4,0x6C11,0x0882,0x0000,0x0000,0x0000,0x0000,0x0000,0x0000,0x0000,0x0000,0x0000,0x0000,0x0000,0x0000,
  0x0000,0x0000,0x0000,0x0000,0x0000,0x0000,0x0000,0x0000,0x0000,0x0000,0x0000,0x29C7,0x4B4E,0x6C32,0x7C93,0x7C93,
  0x7C93,0x7C93,0x7C93,0x7C93,0x7C93,0x7C93,0x7C93,0x7C93,0x7C93,0x7C93,0x7C93,0x7C93,0x7C93,0x7C93,0x7C93,0x7C93,
  0x7C93,0x7C93,0x7C93,0x7C93,0x7C93,0x7C93,0x7C93,0x7C93,0x7C93,0x7C93,0x7C93,0x7C93,0x7C93,0x7C93,0x7C93,0x7C93,
  0x7C93,0x7C73,0x6C32,0x4B4E,0x29C7,0x0000,0x0000,0x0000,0x0000,0x0000,0x0000,0x0000,0x0000,0x0000,0x0000,0x0000,
  0x0000,0x0000,0x0000,0x0000,0x0000,0x0000,0x0000,0x0000,0x0000,0x0000,0x0000,0x42CC,0x5BB0,0x536F,0x63F1,0x6C32,
  0x6C32,0x6C32,0x6C32,0x6C32,0x6C32,0x6C32,0x6C32,0x6C32,0x6C32,0x6C32,0x6C32,0x6C32,0x6C32,0x6C32,0x6C32,0x6C32,
  0x6C32,0x6C32,0x6C32,0x6C32,0x6C32,0x6C32,0x6C32,0x6C32,0x6C32,0x6C32,0x6C32,0x6C32,0x6C32,0x6C32,0x6C32,0x6C32,
  0x6C32,0x63F1,0x536F,0x5BB0,0x42CC,0x0000,0x0000,0x0000,0x0000,0x0000,0x0000,0x0000,0x0000,0x0000,0x0000,0x0000,
  0x0000,0x0000,0x0000,0x0000,0x0000,0x0000,0x0000,0x0000,0x0000,0x0000,0x0000,0x3A6A,0x5BB0,0x538F,0x538F,0x538F,
  0x538F,0x538F,0x538F,0x538F,0x538F,0x538F,0x538F,0x538F,0x538F,0x538F,0x538F,0x538F,0x538F,0x538F,0x538F,0x538F,
  0x538F,0x538F,0x538F,0x538F,0x538F,0x538F,0x538F,0x538F,0x538F,0x538F,0x538F,0x538F,0x538F,0x538F,0x538F,0x538F,
  0x538F,0x538F,0x538F,0x5BB0,0x3A6A,0x0000,0x0000,0x0000,0x0000,0x0000,0x0000,0x0000,0x0000,0x0000,0x0000,0x0000,
  0x0000,0x0000,0x0000,0x0000,0x0000,0x0000,0x0000,0x0000,0x0000,0x0000,0x0000,0x0882,0x3A4A,0x4AED,0x42ED,0x4AEC,
  0x4AEC,0x4AEC,0x4AEC,0x4AEC,0x4AEC,0x4AEC,0x4AEC,0x4AEC,0x4AEC,0x4AEC,0x4AEC,0x4AEC,0x4AEC,0x4AEC,0x4AEC,0x4AEC,
  0x4AEC,0x4AEC,0x4AEC,0x4AEC,0x4AEC,0x4AEC,0x4AEC,0x4AEC,0x4AEC,0x4AEC,0x4AEC,0x4AEC,0x4AEC,0x4AEC,0x4AEC,0x4AEC,
  0x4AEC,0x42ED,0x4AED,0x3A4A,0x0882,0x0000,0x0000,0x0000,0x0000,0x0000,0x0000,0x0000,0x0000,0x0000,0x0000,0x0000,
  0x0000,0x0000,0x0000,0x0000,0x0000,0x0000,0x0000,0x0000,0x0000,0x0000,0x0000,0x0000,0x0000,0x0000,0x0000,0x0000,
  0x0000,0x0000,0x0000,0x0000,0x0000,0x0000,0x0000,0x0000,0x0000,0x0000,0x0000,0x0000,0x0000,0x0000,0x0000,0x0000,
  0x0000,0x0000,0x0000,0x0000,0x0000,0x0000,0x0000,0x0000,0x0000,0x0000,0x0000,0x0000,0x0000,0x0000,0x0000,0x0000,
  0x0000,0x0000,0x0000,0x0000,0x0000,0x0000,0x0000,0x0000,0x0000,0x0000,0x0000,0x0000,0x0000,0x0000,0x0000,0x0000,
  0x0000,0x0000,0x0000,0x0000,0x0000,0x0000,0x0000,0x0000,0x0000,0x0000,0x0000,0x0000,0x0000,0x0000,0x0000,0x0000,
  0x0000,0x0000,0x0000,0x0000,0x0000,0x0000,0x0000,0x0000,0x0000,0x0000,0x0000,0x0000,0x0000,0x0000,0x0000,0x0000,
  0x0000,0x0000,0x0000,0x0000,0x0000,0x0000,0x0000,0x0000,0x0000,0x0000,0x0000,0x0000,0x0000,0x0000,0x0000,0x0000,
  0x0000,0x0000,0x0000,0x0000,0x0000,0x0000,0x0000,0x0000,0x0000,0x0000,0x0000,0x0000,0x0000,0x0000,0x0000,0x0000,
  0x0000,0x0000,0x0000,0x0000,0x0000,0x0000,0x0000,0x0000,0x0000,0x0000,0x0000,0x0000,0x0000,0x0000,0x0000,0x0000,
  0x0000,0x0000,0x0000,0x0000,0x0000,0x0000,0x0000,0x0000,0x0000,0x0000,0x0000,0x0000,0x0000,0x0000,0x0000,0x0000,
  0x0000,0x0000,0x0000,0x0000,0x0000,0x0000,0x0000,0x0000,0x0000,0x0000,0x0000,0x0000,0x0000,0x0000,0x0000,0x0000,
  0x0000,0x0000,0x0000,0x0000,0x0000,0x0000,0x0000,0x0000,0x0000,0x0000,0x0000,0x0000,0x0000,0x0000,0x0000,0x0000,
  0x0000,0x0000,0x0000,0x0000,0x0000,0x0000,0x0000,0x0000,0x0000,0x0000,0x0000,0x0000,0x0000,0x0000,0x0000,0x0000,
  0x0000,0x0000,0x0000,0x0000,0x0000,0x0000,0x0000,0x0000,0x0000,0x0000,0x0000,0x0000,0x0000,0x0000,0x0000,0x0000,
  0x0000,0x0000,0x0000,0x0000,0x0000,0x0000,0x0000,0x0000,0x0000,0x0000,0x0000,0x0000,0x0000,0x0000,0x0000,0x0000,
  0x0000,0x0000,0x0000,0x0000,0x0000,0x0000,0x0000,0x0000,0x0000,0x0000,0x0000,0x0000,0x0000,0x0000,0x0000,0x0000,
  0x0000,0x0000,0x0000,0x0000,0x0000,0x0000,0x0000,0x0000,0x0000,0x0000,0x0000,0x0000,0x0000,0x0000,0x0000,0x0000,
  0x0000,0x0000,0x0000,0x0000,0x0000,0x0000,0x0000,0x0000,0x0000,0x0000,0x0000,0x0000,0x0000,0x0000,0x0000,0x0000,
  0x0000,0x0000,0x0000,0x0000,0x0000,0x0000,0x0000,0x0000,0x0000,0x0000,0x0000,0x0000,0x0000,0x0000,0x0000,0x0000,
  0x0000,0x0000,0x0000,0x0000,0x0000,0x0000,0x0000,0x0000,0x0000,0x0000,0x0000,0x0000,0x0000,0x0000,0x0000,0x0000,
  0x0000,0x0000,0x0000,0x0000,0x0000,0x0000,0x0000,0x0000,0x0000,0x0000,0x0000,0x0000,0x0000,0x0000,0x0000,0x0000,
  0x0000,0x0000,0x0000,0x0000,0x0000,0x0000,0x0000,0x0000,0x0000,0x0000,0x0000,0x0000,0x0000,0x0000,0x0000,0x0000,
  0x0000,0x0000,0x0000,0x0000,0x0000,0x0000,0x0000,0x0000,0x0000,0x0000,0x0000,0x0000,0x0000,0x0000,0x0000,0x0000,
  0x0000,0x0000,0x0000,0x0000,0x0000,0x0000,0x0000,0x0000,0x0000,0x0000,0x0000,0x0000,0x0000,0x0000,0x0000,0x0000,
  0x0000,0x0000,0x0000,0x0000,0x0000,0x0000,0x0000,0x0000,0x0000,0x0000,0x0000,0x0000,0x0000,0x0000,0x0000,0x0000,
  0x0000,0x0000,0x0000,0x0000,0x0000,0x0000,0x0000,0x0000,0x0000,0x0000,0x0000,0x0000,0x0000,0x0000,0x0000,0x0000,
  0x0000,0x0000,0x0000,0x0000,0x0000,0x0000,0x0000,0x0000,0x0000,0x0000,0x0000,0x0000,0x0000,0x0000,0x0000,0x0000,
  0x0000,0x0000,0x0000,0x0000,0x0000,0x0000,0x0000,0x0000,0x0000,0x0000,0x0000,0x0000,0x0000,0x0000,0x0000,0x0000,
  0x0000,0x0000,0x0000,0x0000,0x0000,0x0000,0x0000,0x0000,0x0000,0x0000,0x0000,0x0000,0x0000,0x0000,0x0000,0x0000,
  0x0000,0x0000,0x0000,0x0000,0x0000,0x0000,0x0000,0x0000,0x0000,0x0000,0x0000,0x0000,0x0000,0x0000,0x0000,0x0000,
  0x0000,0x0000,0x0000,0x0000,0x0000,0x0000,0x0000,0x0000,0x0000,0x0000,0x0000,0x0000,0x0000,0x0000,0x0000,0x0000,
  0x0000,0x0000,0x0000,0x0000,0x0000,0x0000,0x0000,0x0000,0x0000,0x0000,0x0000,0x0000,0x0000,0x0000,0x0000,0x0000,
  0x0000,0x0000,0x0000,0x0000,0x0000,0x0000,0x0000,0x0000,0x0000,0x0000,0x0000,0x0000,0x0000,0x0000,0x0000,0x0000,
  0x0000,0x0000,0x0000,0x0000,0x0000,0x0000,0x0000,0x0000,0x0000,0x0000,0x0000,0x0000,0x0000,0x0000,0x0000,0x0000,
  0x0000,0x0000,0x0000,0x0000,0x0000,0x0000,0x0000,0x0000,0x0000,0x0000,0x0000,0x0000,0x0000,0x0000,0x0000,0x0000,
  0x0000,0x0000,0x0000,0x0000,0x0000,0x0000,0x0000,0x0000,0x0000,0x0000,0x0000,0x0000,0x0000,0x0000,0x0000,0x0000,
  0x0000,0x0000,0x0000,0x0000,0x0000,0x0000,0x0000,0x0000,0x0000,0x0000,0x0000,0x0000,0x0000,0x0000,0x0000,0x0000,
  0x0000,0x0000,0x0000,0x0000,0x0000,0x0000,0x0000,0x0000,0x0000,0x0000,0x0000,0x0000,0x0000,0x0000,0x0000,0x0000,
  0x0000,0x0000,0x0000,0x0000,0x0000,0x0000,0x0000,0x0000,0x0000,0x0000,0x0000,0x0000,0x0000,0x0000,0x0000,0x0000,
  0x0000,0x0000,0x0000,0x0000,0x0000,0x0000,0x0000,0x0000,0x0000,0x0000,0x0000,0x0000,0x0000,0x0000,0x0000,0x0000,
  0x0000,0x0000,0x0000,0x0000,0x0000,0x0000,0x0000,0x0000,0x0000,0x0000,0x0000,0x0000,0x0000,0x0000,0x0000,0x0000,
  0x0000,0x0000,0x0000,0x0000,0x0000,0x0000,0x0000,0x0000,0x0000,0x0000,0x0000,0x0000,0x0000,0x0000,0x0000,0x0000,
  0x0000,0x0000,0x0000,0x0000,0x0000,0x0000,0x0000,0x0000,0x0000,0x0000,0x0000,0x0000,0x0000,0x0000,0x0000,0x0000,
  0x0000,0x0000,0x0000,0x0000,0x0000,0x0000,0x0000,0x0000,0x0000,0x0000,0x0000,0x0000,0x0000,0x0000,0x0000,0x0000,
  0x0000,0x0000,0x0000,0x0000,0x0000,0x0000,0x0000,0x0000,0x0000,0x0000,0x0000,0x0000,0x0000,0x0000,0x0000,0x0000,
  0x0000,0x0000,0x0000,0x0000,0x0000,0x0000,0x0000,0x0000,0x0000,0x0000,0x0000,0x0000,0x0000,0x0000,0x0000,0x0000,
  0x0000,0x0000,0x0000,0x0000,0x0000,0x0000,0x0000,0x0000,0x0000,0x0000,0x0000,0x0000,0x0000,0x0000,0x0000,0x0000,
  0x0000,0x0000,0x0000,0x0000,0x0000,0x0000,0x0000,0x0000,0x0000,0x0000,0x0000,0x0000,0x0000,0x0000,0x0000,0x0000,
  0x0000,0x0000,0x0000,0x0000,0x0000,0x0000,0x0000,0x0000,0x0000,0x0000,0x0000,0x0000,0x0000,0x0000,0x0000,0x0000,
  0x0000,0x0000,0x0000,0x0000,0x0000,0x0000,0x0000,0x0000,0x0000,0x0000,0x0000,0x0000,0x0000,0x0000,0x0000,0x0000,
  0x0000,0x0000,0x0000,0x0000,0x0000,0x0000,0x0000,0x0000,0x0000,0x0000,0x0000,0x0000,0x0000,0x0000,0x0000,0x0000,
  0x0000,0x0000,0x0000,0x0000,0x0000,0x0000,0x0000,0x0000,0x0000,0x0000,0x0000,0x0000,0x0000,0x0000,0x0000,0x0000,
};

const uint16_t sprite_WAITING_APPROVAL[64*64] PROGMEM = {
  0x0000,0x0000,0x0000,0x0000,0x0000,0x0000,0x0000,0x0000,0x0000,0x0000,0x0000,0x0000,0x0000,0x0000,0x0000,0x0000,
  0x0000,0x0000,0x0000,0x0000,0x0000,0x0000,0x0000,0x0000,0x0000,0x0000,0x0000,0x0000,0x0000,0x0000,0x0000,0x0000,
  0x0000,0x0000,0x0000,0x0000,0x0000,0x0000,0x0000,0x0000,0x0000,0x0000,0x0000,0x0000,0x0000,0x0000,0x0000,0x0000,
  0x0000,0x0000,0x0000,0x0000,0x0000,0x0000,0x0000,0x0000,0x0000,0x0000,0x0000,0x0000,0x0000,0x0000,0x0000,0x0000,
  0x0000,0x0000,0x0000,0x0000,0x0000,0x0000,0x0000,0x0000,0x0000,0x0000,0x0000,0x0000,0x0000,0x0000,0x0000,0x0000,
  0x0000,0x0000,0x0000,0x0000,0x0000,0x0000,0x0000,0x0000,0x0000,0x0000,0x0000,0x0000,0x0000,0x0000,0x0000,0x0000,
  0x0000,0x0000,0x0000,0x0000,0x0000,0x0000,0x0000,0x0000,0x0000,0x0000,0x0000,0x0000,0x0000,0x0000,0x0000,0x0000,
  0x0000,0x0000,0x0000,0x0000,0x0000,0x0000,0x0000,0x0000,0x0000,0x0000,0x0000,0x0000,0x0000,0x0000,0x0000,0x0000,
  0x0000,0x0000,0x0000,0x0000,0x0000,0x0000,0x0000,0x0000,0x0000,0x0000,0x0000,0x0000,0x0000,0x0000,0x0000,0x0000,
  0x0000,0x0000,0x0000,0x0000,0x0000,0x0000,0x0000,0x0000,0x0000,0x0000,0x0000,0x0000,0x0000,0x0000,0x0000,0x0000,
  0x0000,0x0000,0x0000,0x0000,0x0000,0x0000,0x0000,0x0000,0x0000,0x0000,0x0000,0x0000,0x0000,0x0000,0x0000,0x0000,
  0x0000,0x0000,0x0000,0x0000,0x0000,0x0000,0x0000,0x0000,0x0000,0x0000,0x0000,0x0000,0x0000,0x0000,0x0000,0x0000,
  0x0000,0x0000,0x0000,0x0000,0x0000,0x0000,0x0000,0x0000,0x0000,0x0000,0x0000,0x0000,0x0000,0x0000,0x0000,0x0000,
  0x0000,0x0000,0x0000,0x0000,0x0000,0x0000,0x0000,0x0000,0x0000,0x0000,0x0000,0x0000,0x0000,0x0000,0x0000,0x0000,
  0x0000,0x0000,0x0000,0x0000,0x0000,0x0000,0x0000,0x0000,0x0000,0x0000,0x0000,0x0000,0x0000,0x0000,0x0000,0x0000,
  0x0000,0x0000,0x0000,0x0000,0x0000,0x0000,0x0000,0x0000,0x0000,0x0000,0x0000,0x0000,0x0000,0x0000,0x0000,0x0000,
  0x0000,0x0000,0x0000,0x0000,0x0000,0x0000,0x0000,0x0000,0x0000,0x0000,0x0000,0x0000,0x0000,0x0000,0x0000,0x0000,
  0x0000,0x0000,0x0000,0x0000,0x0000,0x0000,0x0000,0x0000,0x0000,0x0000,0x0000,0x0000,0x0000,0x0000,0x0000,0x0000,
  0x0000,0x0000,0x0000,0x0000,0x0000,0x0000,0x0000,0x0000,0x0000,0x0000,0x0000,0x0000,0x0000,0x0000,0x0000,0x0000,
  0x0000,0x0000,0x0000,0x0000,0x0000,0x0000,0x0000,0x0000,0x0000,0x0000,0x0000,0x0000,0x0000,0x0000,0x0000,0x0000,
  0x0000,0x0000,0x0000,0x0000,0x0000,0x0000,0x0000,0x0000,0x0000,0x0000,0x0000,0x0000,0x0000,0x0000,0x0000,0x0000,
  0x0000,0x0000,0x0000,0x0000,0x0000,0x0000,0x0000,0x0000,0x0000,0x0000,0x0000,0x0000,0x0000,0x0000,0x0000,0x0000,
  0x0000,0x0000,0x0000,0x0000,0x0000,0x0000,0x0000,0x0000,0x0000,0x0000,0x0000,0x0000,0x0000,0x0000,0x0000,0x0000,
  0x0000,0x0000,0x0000,0x0000,0x0000,0x0000,0x0000,0x0000,0x0000,0x0000,0x0000,0x0000,0x0000,0x0000,0x0000,0x0000,
  0x0000,0x0000,0x0000,0x0000,0x0000,0x0000,0x0000,0x0000,0x0000,0x0000,0x0000,0x0000,0x0000,0x0000,0x0000,0x0000,
  0x0000,0x0000,0x0000,0x0000,0x0000,0x0000,0x0000,0x0000,0x0000,0x0000,0x0000,0x0000,0x0000,0x0000,0x0000,0x0000,
  0x0000,0x0000,0x0000,0x0000,0x0000,0x0000,0x0000,0x0000,0x0000,0x0000,0x0000,0x0000,0x0000,0x0000,0x0000,0x0000,
  0x0000,0x0000,0x0000,0x0000,0x0000,0x0000,0x0000,0x0000,0x0000,0x0000,0x0000,0x0000,0x0000,0x0000,0x0000,0x0000,
  0x0000,0x0000,0x0000,0x0000,0x0000,0x0000,0x0000,0x0000,0x0000,0x0000,0x0000,0x0000,0x0000,0x0000,0x0000,0x0000,
  0x0000,0x0000,0x0000,0x0000,0x0000,0x0000,0x0000,0x0000,0x0000,0x0000,0x0000,0x0000,0x0000,0x0000,0x0000,0x0000,
  0x0000,0x0000,0x0000,0x0000,0x0000,0x0000,0x0000,0x0000,0x0000,0x0000,0x0000,0x0000,0x0000,0x0000,0x0000,0x0000,
  0x0000,0x0000,0x0000,0x0000,0x0000,0x0000,0x0000,0x0000,0x0000,0x0000,0x0000,0x0000,0x0000,0x0000,0x0000,0x0000,
  0x0000,0x0000,0x0000,0x0000,0x0000,0x0000,0x0000,0x0000,0x0000,0x0000,0x0000,0x0000,0x0000,0x0000,0x0000,0x0000,
  0x0000,0x0000,0x0000,0x0000,0x0000,0x0000,0x0000,0x0000,0x0000,0x0000,0x0000,0x0000,0x0000,0x0000,0x0000,0x0000,
  0x0000,0x0000,0x0000,0x0000,0x0000,0x0000,0x0000,0x0000,0x0000,0x0000,0x0000,0x0000,0x0000,0x0000,0x0000,0x0000,
  0x0000,0x0000,0x0000,0x0000,0x0000,0x0000,0x0000,0x0000,0x0000,0x0000,0x0000,0x0000,0x0000,0x0000,0x0000,0x0000,
  0x0000,0x0000,0x0000,0x0000,0x0000,0x0000,0x0000,0x0000,0x0000,0x0000,0x0000,0x0000,0x0000,0x0000,0x0000,0x0000,
  0x0000,0x0000,0x0000,0x0000,0x0000,0x0000,0x0000,0x0000,0x0000,0x0000,0x0000,0x0000,0x0000,0x0000,0x0000,0x0000,
  0x0000,0x0000,0x0000,0x0000,0x0000,0x0000,0x0000,0x0000,0x0000,0x0000,0x0000,0x0000,0x0000,0x0000,0x0000,0x0000,
  0x0000,0x0000,0x0000,0x0000,0x0000,0x0000,0x0000,0x0000,0x0000,0x0000,0x0000,0x0000,0x0000,0x0000,0x0000,0x0000,
  0x0000,0x0000,0x0000,0x0000,0x0000,0x0000,0x0000,0x0000,0x0000,0x0840,0x1041,0x0841,0x1040,0x1040,0x1040,0x1040,
  0x1040,0x1040,0x1040,0x1040,0x1040,0x1040,0x1040,0x1040,0x1040,0x1040,0x1040,0x1040,0x1040,0x1040,0x1040,0x1040,
  0x1040,0x1040,0x1040,0x1040,0x1040,0x1040,0x1040,0x1040,0x1040,0x1040,0x1040,0x1040,0x1040,0x1040,0x1040,0x1040,
  0x1040,0x1040,0x1040,0x1040,0x0841,0x1041,0x0840,0x0000,0x0000,0x0000,0x0000,0x0000,0x0000,0x0000,0x0000,0x0000,
  0x0000,0x0000,0x0000,0x0000,0x0000,0x0000,0x0000,0x0000,0x2082,0x92C9,0xBB8B,0xB36B,0xB36B,0xB36B,0xB36B,0xB36B,
  0xB36B,0xB36B,0xB36B,0xB36B,0xB36B,0xB36B,0xB36B,0xB36B,0xB36B,0xB36B,0xB36B,0xB36B,0xB36B,0xB36B,0xB36B,0xB36B,
  0xB36B,0xB36B,0xB36B,0xB36B,0xB36B,0xB36B,0xB36B,0xB36B,0xB36B,0xB36B,0xB36B,0xB36B,0xB36B,0xB36B,0xB36B,0xB36B,
  0xB36B,0xB36B,0xB36B,0xB36B,0xB36B,0xBB8B,0x92C9,0x2082,0x0000,0x0000,0x0000,0x0000,0x0000,0x0000,0x0000,0x0000,
  0x0000,0x0000,0x0000,0x0000,0x0000,0x0000,0x0000,0x0000,0x28C2,0xC3AB,0xF4AE,0xE46E,0xEC6E,0xEC6E,0xEC6E,0xEC6E,
  0xEC6E,0xEC6E,0xEC6E,0xEC6E,0xEC6E,0xEC6E,0xEC6E,0xEC6E,0xEC6E,0xEC6E,0xEC6E,0xEC6E,0xEC6E,0xEC6E,0xEC6E,0xEC6E,
  0xEC6E,0xEC6E,0xEC6E,0xEC6E,0xEC6E,0xEC6E,0xEC6E,0xEC6E,0xEC6E,0xEC6E,0xEC6E,0xEC6E,0xEC6E,0xEC6E,0xEC6E,0xEC6E,
  0xEC6E,0xEC6E,0xEC6E,0xEC6E,0xE46E,0xF4AE,0xC3AB,0x28C2,0x0000,0x0000,0x0000,0x0000,0x0000,0x0000,0x0000,0x0000,
  0x0000,0x0000,0x0000,0x0000,0x0000,0x0000,0x0000,0x0000,0x28C2,0xB36B,0xE46D,0xDC2D,0xDC2D,0xDC2D,0xDC2D,0xDC2D,
  0xDC2D,0xDC2D,0xDC2D,0xDC2D,0xDC2D,0xDC2D,0xDC2D,0xDC2D,0xDC2D,0xDC2D,0xDC2D,0xDC2D,0xDC2D,0xDC2D,0xDC2D,0xDC2D,
  0xDC2D,0xDC2D,0xDC2D,0xDC2D,0xDC2D,0xDC2D,0xDC2D,0xDC2D,0xDC2D,0xDC2D,0xDC2D,0xDC2D,0xDC2D,0xDC2D,0xDC2D,0xDC2D,
  0xDC2D,0xDC2D,0xDC2D,0xDC2D,0xDC2D,0xE46D,0xB36B,0x28C2,0x0000,0x0000,0x0000,0x0000,0x0000,0x0000,0x0000,0x0000,
  0x0000,0x0000,0x0000,0x0000,0x0000,0x0000,0x0000,0x0000,0x28C2,0xB38B,0xE46E,0xDC2D,0xDC4D,0xDC4D,0xDC4D,0xDC4D,
  0xDC4D,0xDC4D,0xDC4D,0xDC4D,0xDC4D,0xDC4D,0xDC4D,0xDC4D,0xDC4D,0xDC4D,0xDC4D,0xDC4D,0xDC4D,0xDC4D,0xDC4D,0xDC4D,
  0xDC4D,0xDC4D,0xDC4D,0xDC4D,0xDC4D,0xDC4D,0xDC4D,0xDC4D,0xDC4D,0xDC4D,0xDC4D,0xDC4D,0xDC4D,0xDC4D,0xDC4D,0xDC4D,
  0xDC4D,0xDC4D,0xDC4D,0xDC4D,0xDC2D,0xE46E,0xB38B,0x28C2,0x0000,0x0000,0x0000,0x0000,0x0000,0x0000,0x0000,0x0000,
  0x0000,0x0000,0x0000,0x0000,0x0000,0x0000,0x0000,0x0000,0x28C2,0xB38B,0xE46E,0xDC2D,0xDC4D,0xDC4D,0xDC4D,0xDC4D,
  0xDC4D,0xDC4D,0xDC4D,0xDC4D,0xDC4D,0xDC4D,0xDC4D,0xDC4D,0xDC4D,0xDC4D,0xDC4D,0xDC4D,0xDC4D,0xDC4D,0xDC4D,0xDC4D,
  0xDC4D,0xDC4D,0xDC4D,0xDC4D,0xDC4D,0xDC4D,0xDC4D,0xDC4D,0xDC4D,0xDC4D,0xDC4D,0xDC4D,0xDC4D,0xDC4D,0xDC4D,0xDC4D,
  0xDC4D,0xDC4D,0xDC4D,0xDC4D,0xDC2D,0xE46E,0xB38B,0x28C2,0x0000,0x0000,0x0000,0x0000,0x0000,0x0000,0x0000,0x0000,
  0x0000,0x0000,0x0000,0x0000,0x0000,0x0000,0x0000,0x0000,0x28C2,0xB38B,0xE46E,0xDC2D,0xDC4D,0xDC4D,0xDC4D,0xDC4D,
  0xDC4D,0xDC4D,0xDC4D,0xDC4D,0xDC4D,0xDC4D,0xDC4D,0xDC4D,0xDC4D,0xDC4D,0xDC4D,0xDC4D,0xDC4D,0xDC4D,0xDC4D,0xDC4D,
  0xDC4D,0xDC4D,0xDC4D,0xDC4D,0xDC4D,0xDC4D,0xDC4D,0xDC4D,0xDC4D,0xDC4D,0xDC4D,0xDC4D,0xDC4D,0xDC4D,0xDC4D,0xDC4D,
  0xDC4D,0xDC4D,0xDC4D,0xDC4D,0xDC2D,0xE46E,0xB38B,0x28C2,0x0000,0x0000,0x0000,0x0000,0x0000,0x0000,0x0000,0x0000,
  0x0000,0x0000,0x0000,0x0000,0x0000,0x0000,0x0000,0x0000,0x28C2,0xB38B,0xE46E,0xDC2D,0xDC4D,0xDC4D,0xDC4D,0xDC4D,
  0xDC4D,0xDC4D,0xE44D,0xE44D,0xE44D,0xDC4D,0xDC4D,0xDC4D,0xDC4D,0xDC4D,0xDC4D,0xDC4D,0xDC4D,0xDC4D,0xDC4D,0xDC4D,
  0xDC4D,0xDC4D,0xDC4D,0xDC4D,0xDC4D,0xDC4D,0xDC4D,0xDC4D,0xDC4D,0xDC4D,0xDC4D,0xE44D,0xE44D,0xE44D,0xDC4D,0xDC4D,
  0xDC4D,0xDC4D,0xDC4D,0xDC4D,0xDC2D,0xE46E,0xB38B,0x28C2,0x0000,0x0000,0x0000,0x0000,0x0000,0x0000,0x0000,0x0000,
  0x0000,0x0000,0x0000,0x0000,0x0000,0x0000,0x0000,0x0000,0x28C2,0xB38B,0xE46E,0xDC2D,0xDC4D,0xDC4D,0xDC4D,0xDC4D,
  0xDC4D,0xDC2D,0xDC2D,0xDC2D,0xDC2D,0xDC2D,0xDC4D,0xDC4D,0xDC4D,0xDC4D,0xDC4D,0xDC4D,0xDC4D,0xDC4D,0xDC4D,0xDC4D,
  0xDC4D,0xDC4D,0xDC4D,0xDC4D,0xDC4D,0xDC4D,0xDC4D,0xDC4D,0xDC4D,0xDC4D,0xDC2D,0xDC2D,0xDC2D,0xDC2D,0xDC2D,0xDC4D,
  0xDC4D,0xDC4D,0xDC4D,0xDC4D,0xDC2D,0xE46E,0xB38B,0x28C2,0x0000,0x0000,0x0000,0x0000,0x0000,0x0000,0x0000,0x0000,
  0x0000,0x0000,0x0000,0x0000,0x0000,0x0000,0x0000,0x0000,0x28C2,0xB38B,0xE46E,0xDC2D,0xDC4D,0xDC4D,0xDC4D,0xDC4D,
  0xDC2D,0x9AE9,0x6A26,0x7227,0x6A06,0x9B09,0xEC6E,0xDC2D,0xDC4D,0xDC4D,0xDC4D,0xDC4D,0xDC4D,0xDC4D,0xDC4D,0xDC4D,
  0xDC4D,0xDC4D,0xDC4D,0xDC4D,0xDC4D,0xDC4D,0xDC4D,0xDC4D,0xDC2D,0xEC6E,0x9B09,0x6A06,0x7227,0x6A26,0x9AE9,0xDC2D,
  0xDC4D,0xDC4D,0xDC4D,0xDC4D,0xDC2D,0xE46E,0xB38B,0x28C2,0x0000,0x0000,0x0000,0x0000,0x0000,0x0000,0x0000,0x0000,
  0x0000,0x0000,0x0000,0x0000,0x0000,0x0000,0x0000,0x0000,0x28C2,0xB38B,0xE46E,0xDC2D,0xDC4D,0xDC4D,0xDC4D,0xE44D,
  0xDC2D,0x4964,0x0000,0x0000,0x0000,0x51A5,0xF4AF,0xDC2D,0xDC4D,0xDC4D,0xDC4D,0xDC4D,0xDC4D,0xDC4D,0xDC4D,0xDC4D,
  0xDC4D,0xDC4D,0xDC4D,0xDC4D,0xDC4D,0xDC4D,0xDC4D,0xDC4D,0xDC2D,0xF4AF,0x51A5,0x0000,0x0000,0x0000,0x4964,0xDC2D,
  0xE44D,0xDC4D,0xDC4D,0xDC4D,0xDC2D,0xE46E,0xB38B,0x28C2,0x0000,0x0000,0x0000,0x0000,0x0000,0x0000,0x0000,0x0000,
  0x0000,0x0000,0x0000,0x0000,0x0000,0x0000,0x0020,0x0000,0x28C2,0xB38B,0xE46E,0xDC2D,0xDC4D,0xDC4D,0xDC4D,0xE44D,
  0xDC2D,0x51A5,0x0000,0x0020,0x0000,0x59C5,0xF4AE,0xDC2D,0xDC4D,0xDC4D,0xDC4D,0xDC4D,0xDC4D,0xDC4D,0xDC4D,0xDC4D,
  0xDC4D,0xDC4D,0xDC4D,0xDC4D,0xDC4D,0xDC4D,0xDC4D,0xDC4D,0xDC2D,0xF4AE,0x59C5,0x0000,0x0020,0x0000,0x51A5,0xDC2D,
  0xE44D,0xDC4D,0xDC4D,0xDC4D,0xDC2D,0xE46E,0xB38B,0x28C2,0x0000,0x0020,0x0000,0x0000,0x0000,0x0000,0x0000,0x0000,
  0x0000,0x0000,0x0000,0x0000,0x0000,0x0000,0x0000,0x0000,0x1881,0xB36B,0xE46E,0xDC2D,0xDC4D,0xDC4D,0xDC4D,0xE44D,
  0xDC2D,0x51A5,0x0000,0x0000,0x0000,0x59C5,0xF4AE,0xDC2D,0xDC4D,0xDC4D,0xDC4D,0xDC4D,0xDC4D,0xDC4D,0xDC4D,0xDC4D,
  0xDC4D,0xDC4D,0xDC4D,0xDC4D,0xDC4D,0xDC4D,0xDC4D,0xDC4D,0xDC2D,0xF4AE,0x59C5,0x0000,0x0000,0x0000,0x51A5,0xDC2D,
  0xE44D,0xDC4D,0xDC4D,0xDC4D,0xDC2D,0xE46E,0xB36B,0x1881,0x0000,0x0000,0x0000,0x0000,0x0000,0x0000,0x0000,0x0000,
  0x20A2,0x59C5,0x59A5,0x59A5,0x59A5,0x59A5,0x59C5,0x59C5,0x61E6,0xBB8B,0xE46E,0xDC2D,0xDC4D,0xDC4D,0xDC4D,0xE44D,
  0xDC2D,0x51A5,0x0000,0x0000,0x0000,0x59C5,0xF4AE,0xDC2D,0xDC4D,0xDC4D,0xDC4D,0xDC4D,0xDC4D,0xDC4D,0xDC4D,0xDC4D,
  0xDC4D,0xDC4D,0xDC4D,0xDC4D,0xDC4D,0xDC4D,0xDC4D,0xDC4D,0xDC2D,0xF4AE,0x59C5,0x0000,0x0000,0x0000,0x51A5,0xDC2D,
  0xE44D,0xDC4D,0xDC4D,0xDC4D,0xDC2D,0xE46E,0xBB8B,0x61E6,0x59C5,0x59C5,0x59A5,0x59A5,0x59A5,0x59A5,0x59C5,0x20A2,
  0x5185,0xEC8E,0xE46E,0xEC6E,0xEC6E,0xEC6E,0xE46E,0xEC8E,0xC3AB,0xC3AC,0xE46E,0xDC2D,0xDC4D,0xDC4D,0xDC4D,0xE44D,
  0xDC2D,0x51A5,0x0000,0x0000,0x0000,0x59C5,0xF4AE,0xDC2D,0xDC4D,0xDC4D,0xDC4D,0xDC4D,0xDC4D,0xDC4D,0xDC4D,0xDC4D,
  0xDC4D,0xDC4D,0xDC4D,0xDC4D,0xDC4D,0xDC4D,0xDC4D,0xDC4D,0xDC2D,0xF4AE,0x59C5,0x0000,0x0000,0x0000,0x51A5,0xDC2D,
  0xE44D,0xDC4D,0xDC4D,0xDC4D,0xDC2D,0xE46E,0xC3AC,0xC3AB,0xEC8E,0xE46E,0xEC6E,0xEC6E,0xEC6E,0xE46E,0xEC8E,0x5185,
  0x5184,0xDC4D,0xDC2D,0xDC2D,0xDC2D,0xDC2D,0xDC2D,0xE44D,0xBB8B,0xC3AC,0xE46E,0xDC2D,0xDC4D,0xDC4D,0xDC4D,0xE44D,
  0xDC2D,0x51A5,0x0000,0x0020,0x0000,0x59C5,0xF4AE,0xDC2D,0xDC4D,0xDC4D,0xDC4D,0xDC4D,0xDC4D,0xDC4D,0xDC4D,0xDC4D,
  0xDC4D,0xDC4D,0xDC4D,0xDC4D,0xDC4D,0xDC4D,0xDC4D,0xDC4D,0xDC2D,0xF4AE,0x59C5,0x0000,0x0020,0x0000,0x51A5,0xDC2D,
  0xE44D,0xDC4D,0xDC4D,0xDC4D,0xDC2D,0xE46E,0xC3AC,0xBB8B,0xE44D,0xDC2D,0xDC2D,0xDC2D,0xDC2D,0xDC2D,0xDC4D,0x5184,
  0x5184,0xDC4D,0xDC4D,0xDC2D,0xDC2D,0xDC2D,0xDC2D,0xE46E,0xBB8B,0xC3AC,0xE46E,0xDC2D,0xDC4D,0xDC4D,0xDC4D,0xE44D,
  0xDC2D,0x5185,0x0000,0x0000,0x0000,0x59A5,0xF4AE,0xDC2D,0xDC4D,0xDC4D,0xDC4D,0xDC4D,0xDC4D,0xDC4D,0xDC4D,0xDC4D,
  0xDC4D,0xDC4D,0xDC4D,0xDC4D,0xDC4D,0xDC4D,0xDC4D,0xDC4D,0xDC2D,0xF4AE,0x59A5,0x0000,0x0000,0x0000,0x5185,0xDC2D,
  0xE44D,0xDC4D,0xDC4D,0xDC4D,0xDC2D,0xE46E,0xC3AC,0xBB8B,0xE46E,0xDC2D,0xDC2D,0xDC2D,0xDC2D,0xDC4D,0xDC4D,0x5184,
  0x5184,0xE44D,0xDC2D,0xDC4D,0xDC4D,0xDC4D,0xDC2D,0xE46E,0xBB8B,0xC3AC,0xE46E,0xDC2D,0xDC4D,0xDC4D,0xDC4D,0xDC4D,
  0xDC2D,0x7A67,0x3923,0x3923,0x3903,0x8267,0xEC8E,0xDC2D,0xDC4D,0xDC4D,0xDC4D,0xDC4D,0xDC4D,0xDC4D,0xDC4D,0xDC4D,
  0xDC4D,0xDC4D,0xDC4D,0xDC4D,0xDC4D,0xDC4D,0xDC4D,0xDC4D,0xDC2D,0xEC8E,0x8267,0x3903,0x3923,0x3923,0x7A67,0xDC2D,
  0xDC4D,0xDC4D,0xDC4D,0xDC4D,0xDC2D,0xE46E,0xC3AC,0xBB8B,0xE46E,0xDC2D,0xDC4D,0xDC4D,0xDC4D,0xDC2D,0xE44D,0x5184,
  0x5184,0xE44D,0xDC2D,0xDC4D,0xDC4D,0xDC4D,0xDC2D,0xE46E,0xBB8B,0xC3AC,0xE46E,0xDC2D,0xDC4D,0xDC4D,0xDC4D,0xDC4D,
  0xDC4D,0xD40D,0xCBEC,0xCBEC,0xCBEC,0xD40D,0xE44D,0xDC4D,0xDC4D,0xDC4D,0xDC4D,0xDC4D,0xDC4D,0xDC4D,0xDC4D,0xDC4D,
  0xDC4D,0xDC4D,0xDC4D,0xDC4D,0xDC4D,0xDC4D,0xDC4D,0xDC4D,0xDC4D,0xE44D,0xD40D,0xCBEC,0xCBEC,0xCBEC,0xD40D,0xDC4D,
  0xDC4D,0xDC4D,0xDC4D,0xDC4D,0xDC2D,0xE46E,0xC3AC,0xBB8B,0xE46E,0xDC2D,0xDC4D,0xDC4D,0xDC4D,0xDC2D,0xE44D,0x5184,
  0x5184,0xE44D,0xDC2D,0xDC4D,0xDC4D,0xDC4D,0xDC2D,0xE46E,0xBB8B,0xC3AC,0xE46E,0xDC2D,0xDC4D,0xDC4D,0xDC4D,0xDC4D,
  0xDC4D,0xE44D,0xE46E,0xE46E,0xE46E,0xE44D,0xDC4D,0xDC4D,0xDC4D,0xDC4D,0xDC4D,0xDC4D,0xDC4D,0xDC4D,0xDC4D,0xDC4D,
  0xDC4D,0xDC4D,0xDC4D,0xDC4D,0xDC4D,0xDC4D,0xDC4D,0xDC4D,0xDC4D,0xDC4D,0xE44D,0xE46E,0xE46E,0xE46E,0xE44D,0xDC4D,
  0xDC4D,0xDC4D,0xDC4D,0xDC4D,0xDC2D,0xE46E,0xC3AC,0xBB8B,0xE46E,0xDC2D,0xDC4D,0xDC4D,0xDC4D,0xDC2D,0xE44D,0x5184,
  0x5184,0xE44E,0xDC4D,0xDC4D,0xDC4D,0xDC4D,0xDC2D,0xE46E,0xBB8B,0xC3AC,0xE46E,0xDC2D,0xDC4D,0xDC4D,0xDC4D,0xDC4D,
  0xDC4D,0xDC4D,0xDC2D,0xDC2D,0xDC2D,0xDC4D,0xDC4D,0xDC4D,0xDC4D,0xDC4D,0xDC4D,0xDC4D,0xDC4D,0xDC4D,0xDC4D,0xDC4D,
  0xDC4D,0xDC4D,0xDC4D,0xDC4D,0xDC4D,0xDC4D,0xDC4D,0xDC4D,0xDC4D,0xDC4D,0xDC4D,0xDC2D,0xDC2D,0xDC2D,0xDC4D,0xDC4D,
  0xDC4D,0xDC4D,0xDC4D,0xDC4D,0xDC2D,0xE46E,0xC3AC,0xBB8B,0xE46E,0xDC2D,0xDC4D,0xDC4D,0xDC4D,0xDC4D,0xE44E,0x5184,
  0x5184,0xDC4D,0xDC2D,0xDC2D,0xDC2D,0xDC2D,0xDC2D,0xE44D,0xBB8B,0xC3AC,0xE46E,0xDC2D,0xDC4D,0xDC4D,0xDC4D,0xDC4D,
  0xDC4D,0xDC4D,0xDC4D,0xDC4D,0xDC4D,0xDC4D,0xDC4D,0xDC4D,0xDC4D,0xDC4D,0xDC4D,0xDC4D,0xDC4D,0xDC4D,0xDC4D,0xDC4D,
  0xDC4D,0xDC4D,0xDC4D,0xDC4D,0xDC4D,0xDC4D,0xDC4D,0xDC4D,0xDC4D,0xDC4D,0xDC4D,0xDC4D,0xDC4D,0xDC4D,0xDC4D,0xDC4D,
  0xDC4D,0xDC4D,0xDC4D,0xDC4D,0xDC2D,0xE46E,0xC3AC,0xBB8B,0xE44D,0xDC2D,0xDC2D,0xDC2D,0xDC2D,0xDC2D,0xDC4D,0x5184,
  0x0000,0x0000,0x0000,0x0000,0x0000,0x0000,0x0000,0x0000,0x28C2,0xB38B,0xE46E,0xDC2D,0xDC4D,0xDC4D,0xDC4D,0xDC4D,
  0xDC4D,0xDC4D,0xDC4D,0xDC4D,0xDC4D,0xDC4D,0xDC4D,0xDC4D,0xDC4D,0xDC4D,0xDC4D,0xDC4D,0xDC4D,0xDC4D,0xDC4D,0xDC4D,
  0xDC4D,0xDC4D,0xDC4D,0xDC4D,0xDC4D,0xDC4D,0xDC4D,0xDC4D,0xDC4D,0xDC4D,0xDC4D,0xDC4D,0xDC4D,0xDC4D,0xDC4D,0xDC4D,
  0xDC4D,0xDC4D,0xDC4D,0xDC4D,0xDC2D,0xE46E,0xB38B,0x28C2,0x0000,0x0000,0x0000,0x0000,0x0000,0x0000,0x0000,0x0000,
  0x0000,0x0000,0x0000,0x0000,0x0000,0x0000,0x0000,0x0000,0x20C2,0xB38B,0xE46E,0xDC2D,0xDC4D,0xDC4D,0xDC4D,0xDC4D,
  0xDC4D,0xDC4D,0xDC4D,0xDC4D,0xDC4D,0xDC4D,0xDC4D,0xDC4D,0xDC4D,0xDC4D,0xDC4D,0xDC4D,0xDC4D,0xDC4D,0xDC4D,0xDC4D,
  0xDC4D,0xDC4D,0xDC4D,0xDC4D,0xDC4D,0xDC4D,0xDC4D,0xDC4D,0xDC4D,0xDC4D,0xDC4D,0xDC4D,0xDC4D,0xDC4D,0xDC4D,0xDC4D,
  0xDC4D,0xDC4D,0xDC4D,0xDC4D,0xDC2D,0xE46E,0xB38B,0x20C2,0x0000,0x0000,0x0000,0x0000,0x0000,0x0000,0x0000,0x0000,
  0x0000,0x0000,0x0000,0x0000,0x0000,0x0000,0x0000,0x0000,0x28C2,0xB38B,0xE46E,0xDC2D,0xDC4D,0xDC4D,0xDC4D,0xDC4D,
  0xDC4D,0xDC4D,0xDC4D,0xDC4D,0xDC4D,0xDC4D,0xDC4D,0xDC4D,0xDC4D,0xDC4D,0xDC4D,0xDC4D,0xDC4D,0xDC4D,0xDC4D,0xDC4D,
  0xDC4D,0xDC4D,0xDC4D,0xDC4D,0xDC4D,0xDC4D,0xDC4D,0xDC4D,0xDC4D,0xDC4D,0xDC4D,0xDC4D,0xDC4D,0xDC4D,0xDC4D,0xDC4D,
  0xDC4D,0xDC4D,0xDC4D,0xDC4D,0xDC2D,0xE46E,0xB38B,0x28C2,0x0000,0x0000,0x0000,0x0000,0x0000,0x0000,0x0000,0x0000,
  0x0000,0x0000,0x0000,0x0000,0x0000,0x0000,0x0000,0x0000,0x28C2,0xB38B,0xE46E,0xDC2D,0xDC4D,0xDC4D,0xDC4D,0xDC4D,
  0xDC4D,0xDC4D,0xDC4D,0xDC4D,0xDC4D,0xDC4D,0xDC4D,0xDC4D,0xDC4D,0xDC4D,0xDC4D,0xDC4D,0xDC4D,0xDC4D,0xDC4D,0xDC4D,
  0xDC4D,0xDC4D,0xDC4D,0xDC4D,0xDC4D,0xDC4D,0xDC4D,0xDC4D,0xDC4D,0xDC4D,0xDC4D,0xDC4D,0xDC4D,0xDC4D,0xDC4D,0xDC4D,
  0xDC4D,0xDC4D,0xDC4D,0xDC4D,0xDC2D,0xE46E,0xB38B,0x28C2,0x0000,0x0000,0x0000,0x0000,0x0000,0x0000,0x0000,0x0000,
  0x0000,0x0000,0x0000,0x0000,0x0000,0x0000,0x0000,0x0000,0x28C2,0xB38B,0xE46E,0xDC2D,0xDC4D,0xDC4D,0xDC4D,0xDC4D,
  0xDC4D,0xDC4D,0xDC4D,0xDC4D,0xDC4D,0xDC4D,0xDC4D,0xDC4D,0xDC4D,0xDC4D,0xDC4D,0xDC4D,0xDC4D,0xDC4D,0xDC4D,0xDC4D,
  0xDC4D,0xDC4D,0xDC4D,0xDC4D,0xDC4D,0xDC4D,0xDC4D,0xDC4D,0xDC4D,0xDC4D,0xDC4D,0xDC4D,0xDC4D,0xDC4D,0xDC4D,0xDC4D,
  0xDC4D,0xDC4D,0xDC4D,0xDC4D,0xDC2D,0xE46E,0xB38B,0x28C2,0x0000,0x0000,0x0000,0x0000,0x0000,0x0000,0x0000,0x0000,
  0x0000,0x0000,0x0000,0x0000,0x0000,0x0000,0x0000,0x0000,0x28C2,0xB38B,0xE46E,0xDC2D,0xDC2D,0xDC2D,0xDC2D,0xDC2D,
  0xDC2D,0xDC2D,0xDC2D,0xDC2D,0xDC2D,0xDC2D,0xDC2D,0xDC2D,0xDC2D,0xDC2D,0xDC2D,0xDC2D,0xDC2D,0xDC2D,0xDC2D,0xDC2D,
  0xDC2D,0xDC2D,0xDC2D,0xDC2D,0xDC2D,0xDC2D,0xDC2D,0xDC2D,0xDC2D,0xDC2D,0xDC2D,0xDC2D,0xDC2D,0xDC2D,0xDC2D,0xDC2D,
  0xDC2D,0xDC2D,0xDC2D,0xDC2D,0xDC2D,0xE46E,0xB38B,0x28C2,0x0000,0x0000,0x0000,0x0000,0x0000,0x0000,0x0000,0x0000,
  0x0000,0x0000,0x0000,0x0000,0x0000,0x0000,0x0000,0x0000,0x28C2,0xB36B,0xE46D,0xDC2D,0xDC2D,0xE44D,0xE44D,0xE44D,
  0xE44D,0xDC2D,0xDC2D,0xDC2D,0xDC2D,0xDC2D,0xE44D,0xE44D,0xE44D,0xDC4D,0xDC2D,0xDC2D,0xDC2D,0xDC2D,0xDC2D,0xDC2D,
  0xDC2D,0xDC2D,0xDC2D,0xDC2D,0xDC2D,0xDC2D,0xDC4D,0xE44D,0xE44D,0xE44D,0xDC2D,0xDC2D,0xDC2D,0xDC2D,0xDC2D,0xE44D,
  0xE44D,0xE44D,0xE44D,0xDC2D,0xDC2D,0xE46D,0xB36B,0x28C2,0x0000,0x0000,0x0000,0x0000,0x0000,0x0000,0x0000,0x0000,
  0x0000,0x0000,0x0000,0x0000,0x0000,0x0000,0x0000,0x0000,0x28C2,0xBBAB,0xF4AE,0xE46E,0xEC6E,0xD40D,0xD40C,0xD40C,
  0xD40C,0xDC4D,0xEC6E,0xEC6E,0xEC6E,0xDC4D,0xD40C,0xD40C,0xD40C,0xDC2D,0xE46E,0xEC6E,0xEC6E,0xEC6E,0xEC6E,0xEC6E,
  0xEC6E,0xEC6E,0xEC6E,0xEC6E,0xEC6E,0xE46E,0xDC2D,0xD40C,0xD40C,0xD40C,0xDC4D,0xEC6E,0xEC6E,0xEC6E,0xDC4D,0xD40C,
  0xD40C,0xD40C,0xD40D,0xEC6E,0xE46E,0xF4AE,0xBBAB,0x28C2,0x0000,0x0000,0x0000,0x0000,0x0000,0x0000,0x0000,0x0000,
  0x0000,0x0000,0x0000,0x0000,0x0000,0x0000,0x0000,0x0000,0x1041,0x4964,0x59C5,0x59C5,0x59A5,0xC3AB,0xD40D,0xD40C,
  0xD40C,0x82A8,0x59A5,0x59C5,0x59A5,0x8AA8,0xDC2D,0xCBEC,0xDC2D,0xA32A,0x59C5,0x59A5,0x59C5,0x59A5,0x59A5,0x59A5,
  0x59A5,0x59A5,0x59A5,0x59C5,0x59A5,0x59C5,0xA32A,0xDC2D,0xCBEC,0xDC2D,0x8AA8,0x59A5,0x59C5,0x59A5,0x82A8,0xD40C,
  0xD40C,0xD40D,0xC3AB,0x59A5,0x59C5,0x59C5,0x4964,0x1041,0x0000,0x0000,0x0000,0x0000,0x0000,0x0000,0x0000,0x0000,
  0x0000,0x0000,0x0000,0x0000,0x0000,0x0000,0x0000,0x0000,0x0000,0x0000,0x0000,0x0000,0x0000,0xBBAB,0xEC8E,0xE44D,
  0xDC2D,0x4964,0x0000,0x0000,0x0000,0x5185,0xFCCF,0xD40D,0xF48E,0x8A88,0x0000,0x0000,0x0000,0x0000,0x0000,0x0000,
  0x0000,0x0000,0x0000,0x0000,0x0000,0x0000,0x8A88,0xF48E,0xD40D,0xFCCF,0x5185,0x0000,0x0000,0x0000,0x4964,0xDC2D,
  0xE44D,0xEC8E,0xBBAB,0x0000,0x0000,0x0000,0x0000,0x0000,0x0000,0x0000,0x0000,0x0000,0x0000,0x0000,0x0000,0x0000,
  0x0000,0x0000,0x0000,0x0000,0x0000,0x0000,0x0000,0x0000,0x0000,0x0000,0x0000,0x0820,0x0000,0xBB8B,0xE46E,0xDC2D,
  0xDC2D,0x59A5,0x0000,0x0020,0x0000,0x59C5,0xF48E,0xD40C,0xEC8E,0x8AA8,0x0840,0x0000,0x0020,0x0000,0x0000,0x0000,
  0x0000,0x0000,0x0000,0x0020,0x0000,0x0840,0x8AA8,0xEC8E,0xD40C,0xF48E,0x59C5,0x0000,0x0020,0x0000,0x59A5,0xDC2D,
  0xDC2D,0xE46E,0xBB8B,0x0000,0x0820,0x0000,0x0000,0x0000,0x0000,0x0000,0x0000,0x0000,0x0000,0x0000,0x0000,0x0000,
  0x0000,0x0000,0x0000,0x0000,0x0000,0x0000,0x0000,0x0000,0x0000,0x0000,0x0000,0x0000,0x0000,0xBB8B,0xEC6E,0xDC4D,
  0xDC2D,0x51A5,0x0000,0x0000,0x0000,0x59C5,0xF4AE,0xD40C,0xEC8E,0x8AA8,0x0820,0x0000,0x0000,0x0000,0x0000,0x0000,
  0x0000,0x0000,0x0000,0x0000,0x0000,0x0820,0x8AA8,0xEC8E,0xD40C,0xF4AE,0x59C5,0x0000,0x0000,0x0000,0x51A5,0xDC2D,
  0xDC4D,0xEC6E,0xBB8B,0x0000,0x0000,0x0000,0x0000,0x0000,0x0000,0x0000,0x0000,0x0000,0x0000,0x0000,0x0000,0x0000,
  0x0000,0x0000,0x0000,0x0000,0x0000,0x0000,0x0000,0x0000,0x0000,0x0000,0x0000,0x0000,0x0000,0xBB8B,0xEC6E,0xDC4D,
  0xDC2D,0x51A5,0x0000,0x0000,0x0000,0x59C5,0xF4AE,0xD40C,0xEC8E,0x8AA8,0x0820,0x0000,0x0000,0x0000,0x0000,0x0000,
  0x0000,0x0000,0x0000,0x0000,0x0000,0x0820,0x8AA8,0xEC8E,0xD40C,0xF4AE,0x59C5,0x0000,0x0000,0x0000,0x51A5,0xDC2D,
  0xDC4D,0xEC6E,0xBB8B,0x0000,0x0000,0x0000,0x0000,0x0000,0x0000,0x0000,0x0000,0x0000,0x0000,0x0000,0x0000,0x0000,
  0x0000,0x0000,0x0000,0x0000,0x0000,0x0000,0x0000,0x0000,0x0000,0x0000,0x0000,0x0000,0x0000,0xBB8B,0xEC6E,0xDC4D,
  0xDC2D,0x51A5,0x0000,0x0000,0x0000,0x59C5,0xF4AE,0xD40C,0xEC8E,0x8AA8,0x0820,0x0000,0x0000,0x0000,0x0000,0x0000,
  0x0000,0x0000,0x0000,0x0000,0x0000,0x0820,0x8AA8,0xEC8E,0xD40C,0xF4AE,0x59C5,0x0000,0x0000,0x0000,0x51A5,0xDC2D,
  0xDC4D,0xEC6E,0xBB8B,0x0000,0x0000,0x0000,0x0000,0x0000,0x0000,0x0000,0x0000,0x0000,0x0000,0x0000,0x0000,0x0000,
  0x0000,0x0000,0x0000,0x0000,0x0000,0x0000,0x0000,0x0000,0x0000,0x0000,0x0000,0x0000,0x0000,0xBB8B,0xEC6E,0xDC4D,
  0xDC2D,0x51A5,0x0000,0x0000,0x0000,0x59C5,0xF4AE,0xD40C,0xEC8E,0x8AA8,0x0820,0x0000,0x0000,0x0000,0x0000,0x0000,
  0x0000,0x0000,0x0000,0x0000,0x0000,0x0820,0x8AA8,0xEC8E,0xD40C,0xF4AE,0x59C5,0x0000,0x0000,0x0000,0x51A5,0xDC2D,
  0xDC4D,0xEC6E,0xBB8B,0x0000,0x0000,0x0000,0x0000,0x0000,0x0000,0x0000,0x0000,0x0000,0x0000,0x0000,0x0000,0x0000,
  0x0000,0x0000,0x0000,0x0000,0x0000,0x0000,0x0000,0x0000,0x0000,0x0000,0x0000,0x0000,0x0000,0xC3AB,0xEC8E,0xE44D,
  0xDC4D,0x51A5,0x0000,0x0000,0x0000,0x59C5,0xF4AF,0xD42D,0xEC8E,0x8AA8,0x0820,0x0000,0x0000,0x0000,0x0000,0x0000,
  0x0000,0x0000,0x0000,0x0000,0x0000,0x0820,0x8AA8,0xEC8E,0xD42D,0xF4AF,0x59C5,0x0000,0x0000,0x0000,0x51A5,0xDC4D,
  0xE44D,0xEC8E,0xC3AB,0x0000,0x0000,0x0000,0x0000,0x0000,0x0000,0x0000,0x0000,0x0000,0x0000,0x0000,0x0000,0x0000,
  0x0000,0x0000,0x0000,0x0000,0x0000,0x0000,0x0000,0x0000,0x0000,0x0000,0x0000,0x0000,0x0000,0x8AA8,0xAB4A,0xA32A,
  0xA32A,0x4124,0x0000,0x0000,0x0000,0x4144,0xB36B,0x9B09,0xAB4A,0x6A06,0x0820,0x0000,0x0000,0x0000,0x0000,0x0000,
  0x0000,0x0000,0x0000,0x0000,0x0000,0x0820,0x6A06,0xAB4A,0x9B09,0xB36B,0x4144,0x0000,0x0000,0x0000,0x4124,0xA32A,
  0xA32A,0xAB4A,0x8AA8,0x0000,0x0000,0x0000,0x0000,0x0000,0x0000,0x0000,0x0000,0x0000,0x0000,0x0000,0x0000,0x0000,
  0x0000,0x0000,0x0000,0x0000,0x0000,0x0000,0x0000,0x0000,0x0000,0x0000,0x0000,0x0000,0x0000,0x0000,0x0000,0x0000,
  0x0000,0x0000,0x0000,0x0000,0x0000,0x0000,0x0000,0x0000,0x0000,0x0000,0x0000,0x0000,0x0000,0x0000,0x0000,0x0000,
  0x0000,0x0000,0x0000,0x0000,0x0000,0x0000,0x0000,0x0000,0x0000,0x0000,0x0000,0x0000,0x0000,0x0000,0x0000,0x0000,
  0x0000,0x0000,0x0000,0x0000,0x0000,0x0000,0x0000,0x0000,0x0000,0x0000,0x0000,0x0000,0x0000,0x0000,0x0000,0x0000,
  0x0000,0x0000,0x0000,0x0000,0x0000,0x0000,0x0000,0x0000,0x0000,0x0000,0x0000,0x0000,0x0000,0x0000,0x0000,0x0000,
  0x0000,0x0000,0x0000,0x0000,0x0000,0x0000,0x0000,0x0000,0x0000,0x0000,0x0000,0x0000,0x0000,0x0000,0x0000,0x0000,
  0x0000,0x0000,0x0000,0x0000,0x0000,0x0000,0x0000,0x0000,0x0000,0x0000,0x0000,0x0000,0x0000,0x0000,0x0000,0x0000,
  0x0000,0x0000,0x0000,0x0000,0x0000,0x0000,0x0000,0x0000,0x0000,0x0000,0x0000,0x0000,0x0000,0x0000,0x0000,0x0000,
  0x0000,0x0000,0x0000,0x0000,0x0000,0x0000,0x0000,0x0000,0x0000,0x0000,0x0000,0x0000,0x0000,0x0000,0x0000,0x0000,
  0x0000,0x0000,0x0000,0x0000,0x0000,0x0000,0x0000,0x0000,0x0000,0x0000,0x0000,0x0000,0x0000,0x0000,0x0000,0x0000,
  0x0000,0x0000,0x0000,0x0000,0x0000,0x0000,0x0000,0x0000,0x0000,0x0000,0x0000,0x0000,0x0000,0x0000,0x0000,0x0000,
  0x0000,0x0000,0x0000,0x0000,0x0000,0x0000,0x0000,0x0000,0x0000,0x0000,0x0000,0x0000,0x0000,0x0000,0x0000,0x0000,
  0x0000,0x0000,0x0000,0x0000,0x0000,0x0000,0x0000,0x0000,0x0000,0x0000,0x0000,0x0000,0x0000,0x0000,0x0000,0x0000,
  0x0000,0x0000,0x0000,0x0000,0x0000,0x0000,0x0000,0x0000,0x0000,0x0000,0x0000,0x0000,0x0000,0x0000,0x0000,0x0000,
  0x0000,0x0000,0x0000,0x0000,0x0000,0x0000,0x0000,0x0000,0x0000,0x0000,0x0000,0x0000,0x0000,0x0000,0x0000,0x0000,
  0x0000,0x0000,0x0000,0x0000,0x0000,0x0000,0x0000,0x0000,0x0000,0x0000,0x0000,0x0000,0x0000,0x0000,0x0000,0x0000,
  0x0000,0x0000,0x0000,0x0000,0x0000,0x0000,0x0000,0x0000,0x0000,0x0000,0x0000,0x0000,0x0000,0x0000,0x0000,0x0000,
  0x0000,0x0000,0x0000,0x0000,0x0000,0x0000,0x0000,0x0000,0x0000,0x0000,0x0000,0x0000,0x0000,0x0000,0x0000,0x0000,
  0x0000,0x0000,0x0000,0x0000,0x0000,0x0000,0x0000,0x0000,0x0000,0x0000,0x0000,0x0000,0x0000,0x0000,0x0000,0x0000,
  0x0000,0x0000,0x0000,0x0000,0x0000,0x0000,0x0000,0x0000,0x0000,0x0000,0x0000,0x0000,0x0000,0x0000,0x0000,0x0000,
  0x0000,0x0000,0x0000,0x0000,0x0000,0x0000,0x0000,0x0000,0x0000,0x0000,0x0000,0x0000,0x0000,0x0000,0x0000,0x0000,
  0x0000,0x0000,0x0000,0x0000,0x0000,0x0000,0x0000,0x0000,0x0000,0x0000,0x0000,0x0000,0x0000,0x0000,0x0000,0x0000,
  0x0000,0x0000,0x0000,0x0000,0x0000,0x0000,0x0000,0x0000,0x0000,0x0000,0x0000,0x0000,0x0000,0x0000,0x0000,0x0000,
  0x0000,0x0000,0x0000,0x0000,0x0000,0x0000,0x0000,0x0000,0x0000,0x0000,0x0000,0x0000,0x0000,0x0000,0x0000,0x0000,
  0x0000,0x0000,0x0000,0x0000,0x0000,0x0000,0x0000,0x0000,0x0000,0x0000,0x0000,0x0000,0x0000,0x0000,0x0000,0x0000,
  0x0000,0x0000,0x0000,0x0000,0x0000,0x0000,0x0000,0x0000,0x0000,0x0000,0x0000,0x0000,0x0000,0x0000,0x0000,0x0000,
  0x0000,0x0000,0x0000,0x0000,0x0000,0x0000,0x0000,0x0000,0x0000,0x0000,0x0000,0x0000,0x0000,0x0000,0x0000,0x0000,
  0x0000,0x0000,0x0000,0x0000,0x0000,0x0000,0x0000,0x0000,0x0000,0x0000,0x0000,0x0000,0x0000,0x0000,0x0000,0x0000,
  0x0000,0x0000,0x0000,0x0000,0x0000,0x0000,0x0000,0x0000,0x0000,0x0000,0x0000,0x0000,0x0000,0x0000,0x0000,0x0000,
  0x0000,0x0000,0x0000,0x0000,0x0000,0x0000,0x0000,0x0000,0x0000,0x0000,0x0000,0x0000,0x0000,0x0000,0x0000,0x0000,
  0x0000,0x0000,0x0000,0x0000,0x0000,0x0000,0x0000,0x0000,0x0000,0x0000,0x0000,0x0000,0x0000,0x0000,0x0000,0x0000,
  0x0000,0x0000,0x0000,0x0000,0x0000,0x0000,0x0000,0x0000,0x0000,0x0000,0x0000,0x0000,0x0000,0x0000,0x0000,0x0000,
  0x0000,0x0000,0x0000,0x0000,0x0000,0x0000,0x0000,0x0000,0x0000,0x0000,0x0000,0x0000,0x0000,0x0000,0x0000,0x0000,
  0x0000,0x0000,0x0000,0x0000,0x0000,0x0000,0x0000,0x0000,0x0000,0x0000,0x0000,0x0000,0x0000,0x0000,0x0000,0x0000,
  0x0000,0x0000,0x0000,0x0000,0x0000,0x0000,0x0000,0x0000,0x0000,0x0000,0x0000,0x0000,0x0000,0x0000,0x0000,0x0000,
  0x0000,0x0000,0x0000,0x0000,0x0000,0x0000,0x0000,0x0000,0x0000,0x0000,0x0000,0x0000,0x0000,0x0000,0x0000,0x0000,
  0x0000,0x0000,0x0000,0x0000,0x0000,0x0000,0x0000,0x0000,0x0000,0x0000,0x0000,0x0000,0x0000,0x0000,0x0000,0x0000,
  0x0000,0x0000,0x0000,0x0000,0x0000,0x0000,0x0000,0x0000,0x0000,0x0000,0x0000,0x0000,0x0000,0x0000,0x0000,0x0000,
  0x0000,0x0000,0x0000,0x0000,0x0000,0x0000,0x0000,0x0000,0x0000,0x0000,0x0000,0x0000,0x0000,0x0000,0x0000,0x0000,
  0x0000,0x0000,0x0000,0x0000,0x0000,0x0000,0x0000,0x0000,0x0000,0x0000,0x0000,0x0000,0x0000,0x0000,0x0000,0x0000,
  0x0000,0x0000,0x0000,0x0000,0x0000,0x0000,0x0000,0x0000,0x0000,0x0000,0x0000,0x0000,0x0000,0x0000,0x0000,0x0000,
  0x0000,0x0000,0x0000,0x0000,0x0000,0x0000,0x0000,0x0000,0x0000,0x0000,0x0000,0x0000,0x0000,0x0000,0x0000,0x0000,
  0x0000,0x0000,0x0000,0x0000,0x0000,0x0000,0x0000,0x0000,0x0000,0x0000,0x0000,0x0000,0x0000,0x0000,0x0000,0x0000,
  0x0000,0x0000,0x0000,0x0000,0x0000,0x0000,0x0000,0x0000,0x0000,0x0000,0x0000,0x0000,0x0000,0x0000,0x0000,0x0000,
  0x0000,0x0000,0x0000,0x0000,0x0000,0x0000,0x0000,0x0000,0x0000,0x0000,0x0000,0x0000,0x0000,0x0000,0x0000,0x0000,
  0x0000,0x0000,0x0000,0x0000,0x0000,0x0000,0x0000,0x0000,0x0000,0x0000,0x0000,0x0000,0x0000,0x0000,0x0000,0x0000,
  0x0000,0x0000,0x0000,0x0000,0x0000,0x0000,0x0000,0x0000,0x0000,0x0000,0x0000,0x0000,0x0000,0x0000,0x0000,0x0000,
  0x0000,0x0000,0x0000,0x0000,0x0000,0x0000,0x0000,0x0000,0x0000,0x0000,0x0000,0x0000,0x0000,0x0000,0x0000,0x0000,
  0x0000,0x0000,0x0000,0x0000,0x0000,0x0000,0x0000,0x0000,0x0000,0x0000,0x0000,0x0000,0x0000,0x0000,0x0000,0x0000,
  0x0000,0x0000,0x0000,0x0000,0x0000,0x0000,0x0000,0x0000,0x0000,0x0000,0x0000,0x0000,0x0000,0x0000,0x0000,0x0000,
  0x0000,0x0000,0x0000,0x0000,0x0000,0x0000,0x0000,0x0000,0x0000,0x0000,0x0000,0x0000,0x0000,0x0000,0x0000,0x0000,
  0x0000,0x0000,0x0000,0x0000,0x0000,0x0000,0x0000,0x0000,0x0000,0x0000,0x0000,0x0000,0x0000,0x0000,0x0000,0x0000,
  0x0000,0x0000,0x0000,0x0000,0x0000,0x0000,0x0000,0x0000,0x0000,0x0000,0x0000,0x0000,0x0000,0x0000,0x0000,0x0000,
  0x0000,0x0000,0x0000,0x0000,0x0000,0x0000,0x0000,0x0000,0x0000,0x0000,0x0000,0x0000,0x0000,0x0000,0x0000,0x0000,
  0x0000,0x0000,0x0000,0x0000,0x0000,0x0000,0x0000,0x0000,0x0000,0x0000,0x0000,0x0000,0x0000,0x0000,0x0000,0x0000,
  0x0000,0x0000,0x0000,0x0000,0x0000,0x0000,0x0000,0x0000,0x0000,0x0000,0x0000,0x0000,0x0000,0x0000,0x0000,0x0000,
  0x0000,0x0000,0x0000,0x0000,0x0000,0x0000,0x0000,0x0000,0x0000,0x0000,0x0000,0x0000,0x0000,0x0000,0x0000,0x0000,
  0x0000,0x0000,0x0000,0x0000,0x0000,0x0000,0x0000,0x0000,0x0000,0x0000,0x0000,0x0000,0x0000,0x0000,0x0000,0x0000,
  0x0000,0x0000,0x0000,0x0000,0x0000,0x0000,0x0000,0x0000,0x0000,0x0000,0x0000,0x0000,0x0000,0x0000,0x0000,0x0000,
  0x0000,0x0000,0x0000,0x0000,0x0000,0x0000,0x0000,0x0000,0x0000,0x0000,0x0000,0x0000,0x0000,0x0000,0x0000,0x0000,
};

const uint16_t sprite_SUCCESS[64*64] PROGMEM = {
  0x0000,0x0000,0x0000,0x0000,0x0000,0x0000,0x0000,0x0000,0x0000,0x0000,0x0000,0x0000,0x0000,0x0000,0x0000,0x0000,
  0x0000,0x0000,0x0000,0x0000,0x0000,0x0000,0x0000,0x0000,0x0000,0x0000,0x0000,0x0000,0x0000,0x0000,0x0000,0x0000,
  0x0000,0x0000,0x0000,0x0000,0x0000,0x0000,0x0000,0x0000,0x0000,0x0000,0x0000,0x0000,0x0000,0x0000,0x0000,0x0000,
  0x0000,0x0000,0x0000,0x0000,0x0000,0x0000,0x0000,0x0000,0x0000,0x0000,0x0000,0x0000,0x0000,0x0000,0x0000,0x0000,
  0x0000,0x0000,0x0000,0x0000,0x0000,0x0000,0x0000,0x0000,0x0000,0x0000,0x0000,0x0000,0x0000,0x0000,0x0000,0x0000,
  0x0000,0x0000,0x0000,0x0000,0x0000,0x0000,0x0000,0x0000,0x0000,0x0000,0x0000,0x0000,0x0000,0x0000,0x0000,0x0000,
  0x0000,0x0000,0x0000,0x0000,0x0000,0x0000,0x0000,0x0000,0x0000,0x0000,0x0000,0x0000,0x0000,0x0000,0x0000,0x0000,
  0x0000,0x0000,0x0000,0x0000,0x0000,0x0000,0x0000,0x0000,0x0000,0x0000,0x0000,0x0000,0x0000,0x0000,0x0000,0x0000,
  0x0000,0x0000,0x0000,0x0000,0x0000,0x0000,0x0000,0x0000,0x0000,0x0000,0x0000,0x0000,0x0000,0x0000,0x0000,0x0000,
  0x0000,0x0000,0x0000,0x0000,0x0000,0x0000,0x0000,0x0000,0x0000,0x0000,0x0000,0x0000,0x0000,0x0000,0x0000,0x0000,
  0x0000,0x0000,0x0000,0x0000,0x0000,0x0000,0x0000,0x0000,0x0000,0x0000,0x0000,0x0000,0x0000,0x0000,0x0000,0x0000,
  0x0000,0x0000,0x0000,0x0000,0x0000,0x0000,0x0000,0x0000,0x0000,0x0000,0x0000,0x0000,0x0000,0x0000,0x0000,0x0000,
  0x0000,0x0000,0x0000,0x0000,0x0000,0x0000,0x0000,0x0000,0x0000,0x0000,0x0000,0x0000,0x0000,0x0000,0x0000,0x0000,
  0x0000,0x0000,0x0000,0x0000,0x0000,0x0000,0x0000,0x0000,0x0000,0x0000,0x0000,0x0000,0x0000,0x0000,0x0000,0x0000,
  0x0000,0x0000,0x0000,0x0000,0x0000,0x0000,0x0000,0x0000,0x0000,0x0000,0x0000,0x0000,0x0000,0x0000,0x0000,0x0000,
  0x0000,0x0000,0x0000,0x0000,0x0000,0x0000,0x0000,0x0000,0x0000,0x0000,0x0000,0x0000,0x0000,0x0000,0x0000,0x0000,
  0x0000,0x0000,0x0000,0x0000,0x0000,0x0000,0x0000,0x0000,0x0000,0x0000,0x0000,0x0000,0x0000,0x0000,0x0000,0x0000,
  0x0000,0x0000,0x0000,0x0000,0x0000,0x0000,0x0000,0x0000,0x0000,0x0000,0x0000,0x0000,0x0000,0x0000,0x0000,0x0000,
  0x0000,0x0000,0x0000,0x0000,0x0000,0x0000,0x0000,0x0000,0x0000,0x0000,0x0000,0x0000,0x0000,0x0000,0x0000,0x0000,
  0x0000,0x0000,0x0000,0x0000,0x0000,0x0000,0x0000,0x0000,0x0000,0x0000,0x0000,0x0000,0x0000,0x0000,0x0000,0x0000,
  0x0000,0x0000,0x0000,0x0000,0x0000,0x0000,0x0000,0x0000,0x0000,0x0000,0x0000,0x0000,0x0000,0x0000,0x0000,0x0000,
  0x0000,0x0000,0x0000,0x0000,0x0000,0x0000,0x0000,0x0000,0x0000,0x0000,0x0000,0x0000,0x0000,0x0000,0x0000,0x0000,
  0x0000,0x0000,0x0000,0x0000,0x0000,0x0000,0x0000,0x0000,0x0000,0x0000,0x0000,0x0000,0x0000,0x0000,0x0000,0x0000,
  0x0000,0x0000,0x0000,0x0000,0x0000,0x0000,0x0000,0x0000,0x0000,0x0000,0x0000,0x0000,0x0000,0x0000,0x0000,0x0000,
  0x0000,0x0000,0x0000,0x0000,0x0000,0x0000,0x0000,0x0000,0x0000,0x0000,0x0000,0x0000,0x0000,0x0000,0x0000,0x0000,
  0x0000,0x0000,0x0000,0x0000,0x0000,0x0000,0x0000,0x0000,0x0000,0x0000,0x0000,0x0000,0x0000,0x0000,0x0000,0x0000,
  0x0000,0x0000,0x0000,0x0000,0x0000,0x0000,0x0000,0x0000,0x0000,0x0000,0x0000,0x0000,0x0000,0x0000,0x0000,0x0000,
  0x0000,0x0000,0x0000,0x0000,0x0000,0x0000,0x0000,0x0000,0x0000,0x0000,0x0000,0x0000,0x0000,0x0000,0x0000,0x0000,
  0x0000,0x0000,0x0000,0x0000,0x0000,0x0000,0x0000,0x0000,0x0000,0x0000,0x0000,0x0000,0x0000,0x0000,0x0000,0x0000,
  0x0000,0x0000,0x0000,0x0000,0x0000,0x0000,0x0000,0x0000,0x0000,0x0000,0x0000,0x0000,0x0000,0x0000,0x0000,0x0000,
  0x0000,0x0000,0x0000,0x0000,0x0000,0x0000,0x0000,0x0000,0x0000,0x0000,0x0000,0x0000,0x0000,0x0000,0x0000,0x0000,
  0x0000,0x0000,0x0000,0x0000,0x0000,0x0000,0x0000,0x0000,0x0000,0x0000,0x0000,0x0000,0x0000,0x0000,0x0000,0x0000,
  0x0000,0x0000,0x0000,0x0000,0x0000,0x0000,0x0000,0x0000,0x0000,0x0000,0x0000,0x0000,0x0000,0x0000,0x0000,0x0000,
  0x0000,0x0000,0x0000,0x0000,0x0000,0x0000,0x0000,0x0000,0x0000,0x0000,0x0000,0x0000,0x0000,0x0000,0x0000,0x0000,
  0x0000,0x0000,0x0000,0x0000,0x0000,0x0000,0x0000,0x0000,0x0000,0x0000,0x0000,0x0000,0x0000,0x0000,0x0000,0x0000,
  0x0000,0x0000,0x0000,0x0000,0x0000,0x0000,0x0000,0x0000,0x0000,0x0000,0x0000,0x0000,0x0000,0x0000,0x0000,0x0000,
  0x0000,0x0000,0x0000,0x0000,0x0000,0x0000,0x0000,0x0000,0x0000,0x0000,0x0000,0x0000,0x0000,0x0000,0x0000,0x0000,
  0x0000,0x0000,0x0000,0x0000,0x0000,0x0000,0x0000,0x0000,0x0000,0x0000,0x0000,0x0000,0x0000,0x0000,0x0000,0x0000,
  0x0000,0x0000,0x0000,0x0000,0x0000,0x0000,0x0000,0x0000,0x0000,0x0000,0x0000,0x0000,0x0000,0x0000,0x0000,0x0000,
  0x0000,0x0000,0x0000,0x0000,0x0000,0x0000,0x0000,0x0000,0x0000,0x0000,0x0000,0x0000,0x0000,0x0000,0x0000,0x0000,
  0x0000,0x0000,0x0000,0x0000,0x0000,0x0000,0x0000,0x0000,0x0000,0x0840,0x1041,0x0841,0x1040,0x1040,0x1040,0x1040,
  0x1040,0x1040,0x1040,0x1040,0x1040,0x1040,0x1040,0x1040,0x1040,0x1040,0x1040,0x1040,0x1040,0x1040,0x1040,0x1040,
  0x1040,0x1040,0x1040,0x1040,0x1040,0x1040,0x1040,0x1040,0x1040,0x1040,0x1040,0x1040,0x1040,0x1040,0x1040,0x1040,
  0x1040,0x1040,0x1040,0x1040,0x0841,0x1041,0x0840,0x0000,0x0000,0x0000,0x0000,0x0000,0x0000,0x0000,0x0000,0x0000,
  0x0000,0x0000,0x0000,0x0000,0x0000,0x0000,0x0000,0x0000,0x2082,0x92C9,0xBB8B,0xB36B,0xB36B,0xB36B,0xB36B,0xB36B,
  0xB36B,0xB36B,0xB36B,0xB36B,0xB36B,0xB36B,0xB36B,0xB36B,0xB36B,0xB36B,0xB36B,0xB36B,0xB36B,0xB36B,0xB36B,0xB36B,
  0xB36B,0xB36B,0xB36B,0xB36B,0xB36B,0xB36B,0xB36B,0xB36B,0xB36B,0xB36B,0xB36B,0xB36B,0xB36B,0xB36B,0xB36B,0xB36B,
  0xB36B,0xB36B,0xB36B,0xB36B,0xB36B,0xBB8B,0x92C9,0x2082,0x0000,0x0000,0x0000,0x0000,0x0000,0x0000,0x0000,0x0000,
  0x0000,0x0000,0x0000,0x0000,0x0000,0x0000,0x0000,0x0000,0x28C2,0xC3AB,0xF4AE,0xE46E,0xEC6E,0xEC6E,0xEC6E,0xEC6E,
  0xEC6E,0xEC6E,0xEC6E,0xEC6E,0xEC6E,0xEC6E,0xEC6E,0xEC6E,0xEC6E,0xEC6E,0xEC6E,0xEC6E,0xEC6E,0xEC6E,0xEC6E,0xEC6E,
  0xEC6E,0xEC6E,0xEC6E,0xEC6E,0xEC6E,0xEC6E,0xEC6E,0xEC6E,0xEC6E,0xEC6E,0xEC6E,0xEC6E,0xEC6E,0xEC6E,0xEC6E,0xEC6E,
  0xEC6E,0xEC6E,0xEC6E,0xEC6E,0xE46E,0xF4AE,0xC3AB,0x28C2,0x0000,0x0000,0x0000,0x0000,0x0000,0x0000,0x0000,0x0000,
  0x0000,0x0000,0x0000,0x0000,0x0000,0x0000,0x0000,0x0000,0x28C2,0xB36B,0xE46D,0xDC2D,0xDC2D,0xDC2D,0xDC2D,0xDC2D,
  0xDC2D,0xDC2D,0xDC2D,0xDC2D,0xDC2D,0xDC2D,0xDC2D,0xDC2D,0xDC2D,0xDC2D,0xDC2D,0xDC2D,0xDC2D,0xDC2D,0xDC2D,0xDC2D,
  0xDC2D,0xDC2D,0xDC2D,0xDC2D,0xDC2D,0xDC2D,0xDC2D,0xDC2D,0xDC2D,0xDC2D,0xDC2D,0xDC2D,0xDC2D,0xDC2D,0xDC2D,0xDC2D,
  0xDC2D,0xDC2D,0xDC2D,0xDC2D,0xDC2D,0xE46D,0xB36B,0x28C2,0x0000,0x0000,0x0000,0x0000,0x0000,0x0000,0x0000,0x0000,
  0x0000,0x0000,0x0000,0x0000,0x0000,0x0000,0x0000,0x0000,0x28C2,0xB38B,0xE46E,0xDC2D,0xDC4D,0xDC4D,0xDC4D,0xDC4D,
  0xDC4D,0xDC4D,0xDC4D,0xDC4D,0xDC4D,0xDC4D,0xDC4D,0xDC4D,0xDC4D,0xDC4D,0xDC4D,0xDC4D,0xDC4D,0xDC4D,0xDC4D,0xDC4D,
  0xDC4D,0xDC4D,0xDC4D,0xDC4D,0xDC4D,0xDC4D,0xDC4D,0xDC4D,0xDC4D,0xDC4D,0xDC4D,0xDC4D,0xDC4D,0xDC4D,0xDC4D,0xDC4D,
  0xDC4D,0xDC4D,0xDC4D,0xDC4D,0xDC2D,0xE46E,0xB38B,0x28C2,0x0000,0x0000,0x0000,0x0000,0x0000,0x0000,0x0000,0x0000,
  0x0000,0x0000,0x0000,0x0000,0x0000,0x0000,0x0000,0x0000,0x28C2,0xB38B,0xE46E,0xDC2D,0xDC4D,0xDC4D,0xDC4D,0xDC4D,
  0xDC4D,0xDC4D,0xDC4D,0xDC4D,0xDC4D,0xDC4D,0xDC4D,0xDC4D,0xDC4D,0xDC4D,0xDC4D,0xDC4D,0xDC4D,0xDC4D,0xDC4D,0xDC4D,
  0xDC4D,0xDC4D,0xDC4D,0xDC4D,0xDC4D,0xDC4D,0xDC4D,0xDC4D,0xDC4D,0xDC4D,0xDC4D,0xDC4D,0xDC4D,0xDC4D,0xDC4D,0xDC4D,
  0xDC4D,0xDC4D,0xDC4D,0xDC4D,0xDC2D,0xE46E,0xB38B,0x28C2,0x0000,0x0000,0x0000,0x0000,0x0000,0x0000,0x0000,0x0000,
  0x0000,0x0000,0x0000,0x0000,0x0000,0x0000,0x0000,0x0000,0x28C2,0xB38B,0xE46E,0xDC2D,0xDC4D,0xDC4D,0xDC4D,0xDC4D,
  0xDC4D,0xDC4D,0xDC4D,0xDC4D,0xDC4D,0xDC4D,0xDC4D,0xDC4D,0xDC4D,0xDC4D,0xDC4D,0xDC4D,0xDC4D,0xDC4D,0xDC4D,0xDC4D,
  0xDC4D,0xDC4D,0xDC4D,0xDC4D,0xDC4D,0xDC4D,0xDC4D,0xDC4D,0xDC4D,0xDC4D,0xDC4D,0xDC4D,0xDC4D,0xDC4D,0xDC4D,0xDC4D,
  0xDC4D,0xDC4D,0xDC4D,0xDC4D,0xDC2D,0xE46E,0xB38B,0x28C2,0x0000,0x0000,0x0000,0x0000,0x0000,0x0000,0x0000,0x0000,
  0x0000,0x0000,0x0000,0x0000,0x0000,0x0000,0x0000,0x0000,0x28C2,0xB38B,0xE46E,0xDC2D,0xDC4D,0xDC4D,0xDC4D,0xDC4D,
  0xDC4D,0xDC4D,0xE44D,0xE44D,0xE44D,0xDC4D,0xDC4D,0xDC4D,0xDC4D,0xDC4D,0xDC4D,0xDC4D,0xDC4D,0xDC4D,0xDC4D,0xDC4D,
  0xDC4D,0xDC4D,0xDC4D,0xDC4D,0xDC4D,0xDC4D,0xDC4D,0xDC4D,0xDC4D,0xDC4D,0xDC4D,0xE44D,0xE44D,0xE44D,0xDC4D,0xDC4D,
  0xDC4D,0xDC4D,0xDC4D,0xDC4D,0xDC2D,0xE46E,0xB38B,0x28C2,0x0000,0x0000,0x0000,0x0000,0x0000,0x0000,0x0000,0x0000,
  0x0000,0x0000,0x0000,0x0000,0x0000,0x0000,0x0000,0x0000,0x28C2,0xB38B,0xE46E,0xDC2D,0xDC4D,0xDC4D,0xDC4D,0xDC4D,
  0xDC4D,0xDC2D,0xDC2D,0xDC2D,0xDC2D,0xDC2D,0xDC4D,0xDC4D,0xDC4D,0xDC4D,0xDC4D,0xDC4D,0xDC4D,0xDC4D,0xDC4D,0xDC4D,
  0xDC4D,0xDC4D,0xDC4D,0xDC4D,0xDC4D,0xDC4D,0xDC4D,0xDC4D,0xDC4D,0xDC4D,0xDC2D,0xDC2D,0xDC2D,0xDC2D,0xDC2D,0xDC4D,
  0xDC4D,0xDC4D,0xDC4D,0xDC4D,0xDC2D,0xE46E,0xB38B,0x28C2,0x0000,0x0000,0x0000,0x0000,0x0000,0x0000,0x0000,0x0000,
  0x0000,0x0000,0x0000,0x0000,0x0000,0x0000,0x0000,0x0000,0x28C2,0xB38B,0xE46E,0xDC2D,0xDC4D,0xDC4D,0xDC4D,0xDC4D,
  0xDC2D,0x9AE9,0x6A26,0x7227,0x6A06,0x9B09,0xEC6E,0xDC2D,0xDC4D,0xDC4D,0xDC4D,0xDC4D,0xDC4D,0xDC4D,0xDC4D,0xDC4D,
  0xDC4D,0xDC4D,0xDC4D,0xDC4D,0xDC4D,0xDC4D,0xDC4D,0xDC4D,0xDC2D,0xEC6E,0x9B09,0x6A06,0x7227,0x6A26,0x9AE9,0xDC2D,
  0xDC4D,0xDC4D,0xDC4D,0xDC4D,0xDC2D,0xE46E,0xB38B,0x28C2,0x0000,0x0000,0x0000,0x0000,0x0000,0x0000,0x0000,0x0000,
  0x0000,0x0000,0x0000,0x0000,0x0000,0x0000,0x0000,0x0000,0x28C2,0xB38B,0xE46E,0xDC2D,0xDC4D,0xDC4D,0xDC4D,0xE44D,
  0xDC2D,0x4964,0x0000,0x0000,0x0000,0x51A5,0xF4AF,0xDC2D,0xDC4D,0xDC4D,0xDC4D,0xDC4D,0xDC4D,0xDC4D,0xDC4D,0xDC4D,
  0xDC4D,0xDC4D,0xDC4D,0xDC4D,0xDC4D,0xDC4D,0xDC4D,0xDC4D,0xDC2D,0xF4AF,0x51A5,0x0000,0x0000,0x0000,0x4964,0xDC2D,
  0xE44D,0xDC4D,0xDC4D,0xDC4D,0xDC2D,0xE46E,0xB38B,0x28C2,0x0000,0x0000,0x0000,0x0000,0x0000,0x0000,0x0000,0x0000,
  0x0000,0x0000,0x0000,0x0000,0x0000,0x0000,0x0020,0x0000,0x28C2,0xB38B,0xE46E,0xDC2D,0xDC4D,0xDC4D,0xDC4D,0xE44D,
  0xDC2D,0x51A5,0x0000,0x0020,0x0000,0x59C5,0xF4AE,0xDC2D,0xDC4D,0xDC4D,0xDC4D,0xDC4D,0xDC4D,0xDC4D,0xDC4D,0xDC4D,
  0xDC4D,0xDC4D,0xDC4D,0xDC4D,0xDC4D,0xDC4D,0xDC4D,0xDC4D,0xDC2D,0xF4AE,0x59C5,0x0000,0x0020,0x0000,0x51A5,0xDC2D,
  0xE44D,0xDC4D,0xDC4D,0xDC4D,0xDC2D,0xE46E,0xB38B,0x28C2,0x0000,0x0020,0x0000,0x0000,0x0000,0x0000,0x0000,0x0000,
  0x0000,0x0000,0x0000,0x0000,0x0000,0x0000,0x0000,0x0000,0x1881,0xB36B,0xE46E,0xDC2D,0xDC4D,0xDC4D,0xDC4D,0xE44D,
  0xDC2D,0x51A5,0x0000,0x0000,0x0000,0x59C5,0xF4AE,0xDC2D,0xDC4D,0xDC4D,0xDC4D,0xDC4D,0xDC4D,0xDC4D,0xDC4D,0xDC4D,
  0xDC4D,0xDC4D,0xDC4D,0xDC4D,0xDC4D,0xDC4D,0xDC4D,0xDC4D,0xDC2D,0xF4AE,0x59C5,0x0000,0x0000,0x0000,0x51A5,0xDC2D,
  0xE44D,0xDC4D,0xDC4D,0xDC4D,0xDC2D,0xE46E,0xB36B,0x1881,0x0000,0x0000,0x0000,0x0000,0x0000,0x0000,0x0000,0x0000,
  0x20A2,0x59C5,0x59A5,0x59A5,0x59A5,0x59A5,0x59C5,0x59C5,0x61E6,0xBB8B,0xE46E,0xDC2D,0xDC4D,0xDC4D,0xDC4D,0xE44D,
  0xDC2D,0x51A5,0x0000,0x0000,0x0000,0x59C5,0xF4AE,0xDC2D,0xDC4D,0xDC4D,0xDC4D,0xDC4D,0xDC4D,0xDC4D,0xDC4D,0xDC4D,
  0xDC4D,0xDC4D,0xDC4D,0xDC4D,0xDC4D,0xDC4D,0xDC4D,0xDC4D,0xDC2D,0xF4AE,0x59C5,0x0000,0x0000,0x0000,0x51A5,0xDC2D,
  0xE44D,0xDC4D,0xDC4D,0xDC4D,0xDC2D,0xE46E,0xBB8B,0x61E6,0x59C5,0x59C5,0x59A5,0x59A5,0x59A5,0x59A5,0x59C5,0x20A2,
  0x5185,0xEC8E,0xE46E,0xEC6E,0xEC6E,0xEC6E,0xE46E,0xEC8E,0xC3AB,0xC3AC,0xE46E,0xDC2D,0xDC4D,0xDC4D,0xDC4D,0xE44D,
  0xDC2D,0x51A5,0x0000,0x0000,0x0000,0x59C5,0xF4AE,0xDC2D,0xDC4D,0xDC4D,0xDC4D,0xDC4D,0xDC4D,0xDC4D,0xDC4D,0xDC4D,
  0xDC4D,0xDC4D,0xDC4D,0xDC4D,0xDC4D,0xDC4D,0xDC4D,0xDC4D,0xDC2D,0xF4AE,0x59C5,0x0000,0x0000,0x0000,0x51A5,0xDC2D,
  0xE44D,0xDC4D,0xDC4D,0xDC4D,0xDC2D,0xE46E,0xC3AC,0xC3AB,0xEC8E,0xE46E,0xEC6E,0xEC6E,0xEC6E,0xE46E,0xEC8E,0x5185,
  0x5184,0xDC4D,0xDC2D,0xDC2D,0xDC2D,0xDC2D,0xDC2D,0xE44D,0xBB8B,0xC3AC,0xE46E,0xDC2D,0xDC4D,0xDC4D,0xDC4D,0xE44D,
  0xDC2D,0x51A5,0x0000,0x0020,0x0000,0x59C5,0xF4AE,0xDC2D,0xDC4D,0xDC4D,0xDC4D,0xDC4D,0xDC4D,0xDC4D,0xDC4D,0xDC4D,
  0xDC4D,0xDC4D,0xDC4D,0xDC4D,0xDC4D,0xDC4D,0xDC4D,0xDC4D,0xDC2D,0xF4AE,0x59C5,0x0000,0x0020,0x0000,0x51A5,0xDC2D,
  0xE44D,0xDC4D,0xDC4D,0xDC4D,0xDC2D,0xE46E,0xC3AC,0xBB8B,0xE44D,0xDC2D,0xDC2D,0xDC2D,0xDC2D,0xDC2D,0xDC4D,0x5184,
  0x5184,0xDC4D,0xDC4D,0xDC2D,0xDC2D,0xDC2D,0xDC2D,0xE46E,0xBB8B,0xC3AC,0xE46E,0xDC2D,0xDC4D,0xDC4D,0xDC4D,0xE44D,
  0xDC2D,0x5185,0x0000,0x0000,0x0000,0x59A5,0xF4AE,0xDC2D,0xDC4D,0xDC4D,0xDC4D,0xDC4D,0xDC4D,0xDC4D,0xDC4D,0xDC4D,
  0xDC4D,0xDC4D,0xDC4D,0xDC4D,0xDC4D,0xDC4D,0xDC4D,0xDC4D,0xDC2D,0xF4AE,0x59A5,0x0000,0x0000,0x0000,0x5185,0xDC2D,
  0xE44D,0xDC4D,0xDC4D,0xDC4D,0xDC2D,0xE46E,0xC3AC,0xBB8B,0xE46E,0xDC2D,0xDC2D,0xDC2D,0xDC2D,0xDC4D,0xDC4D,0x5184,
  0x5184,0xE44D,0xDC2D,0xDC4D,0xDC4D,0xDC4D,0xDC2D,0xE46E,0xBB8B,0xC3AC,0xE46E,0xDC2D,0xDC4D,0xDC4D,0xDC4D,0xDC4D,
  0xDC2D,0x7A67,0x3923,0x3923,0x3903,0x8267,0xEC8E,0xDC2D,0xDC4D,0xDC4D,0xDC4D,0xDC4D,0xDC4D,0xDC4D,0xDC4D,0xDC4D,
  0xDC4D,0xDC4D,0xDC4D,0xDC4D,0xDC4D,0xDC4D,0xDC4D,0xDC4D,0xDC2D,0xEC8E,0x8267,0x3903,0x3923,0x3923,0x7A67,0xDC2D,
  0xDC4D,0xDC4D,0xDC4D,0xDC4D,0xDC2D,0xE46E,0xC3AC,0xBB8B,0xE46E,0xDC2D,0xDC4D,0xDC4D,0xDC4D,0xDC2D,0xE44D,0x5184,
  0x5184,0xE44D,0xDC2D,0xDC4D,0xDC4D,0xDC4D,0xDC2D,0xE46E,0xBB8B,0xC3AC,0xE46E,0xDC2D,0xDC4D,0xDC4D,0xDC4D,0xDC4D,
  0xDC4D,0xD40D,0xCBEC,0xCBEC,0xCBEC,0xD40D,0xE44D,0xDC4D,0xDC4D,0xDC4D,0xDC4D,0xDC4D,0xDC4D,0xDC4D,0xDC4D,0xDC4D,
  0xDC4D,0xDC4D,0xDC4D,0xDC4D,0xDC4D,0xDC4D,0xDC4D,0xDC4D,0xDC4D,0xE44D,0xD40D,0xCBEC,0xCBEC,0xCBEC,0xD40D,0xDC4D,
  0xDC4D,0xDC4D,0xDC4D,0xDC4D,0xDC2D,0xE46E,0xC3AC,0xBB8B,0xE46E,0xDC2D,0xDC4D,0xDC4D,0xDC4D,0xDC2D,0xE44D,0x5184,
  0x5184,0xE44D,0xDC2D,0xDC4D,0xDC4D,0xDC4D,0xDC2D,0xE46E,0xBB8B,0xC3AC,0xE46E,0xDC2D,0xDC4D,0xDC4D,0xDC4D,0xDC4D,
  0xDC4D,0xE44D,0xE46E,0xE46E,0xE46E,0xE44D,0xDC4D,0xDC4D,0xDC4D,0xDC4D,0xDC4D,0xDC4D,0xDC4D,0xDC4D,0xDC4D,0xDC4D,
  0xDC4D,0xDC4D,0xDC4D,0xDC4D,0xDC4D,0xDC4D,0xDC4D,0xDC4D,0xDC4D,0xDC4D,0xE44D,0xE46E,0xE46E,0xE46E,0xE44D,0xDC4D,
  0xDC4D,0xDC4D,0xDC4D,0xDC4D,0xDC2D,0xE46E,0xC3AC,0xBB8B,0xE46E,0xDC2D,0xDC4D,0xDC4D,0xDC4D,0xDC2D,0xE44D,0x5184,
  0x5184,0xE44E,0xDC4D,0xDC4D,0xDC4D,0xDC4D,0xDC2D,0xE46E,0xBB8B,0xC3AC,0xE46E,0xDC2D,0xDC4D,0xDC4D,0xDC4D,0xDC4D,
  0xDC4D,0xDC4D,0xDC2D,0xDC2D,0xDC2D,0xDC4D,0xDC4D,0xDC4D,0xDC4D,0xDC4D,0xDC4D,0xDC4D,0xDC4D,0xDC4D,0xDC4D,0xDC4D,
  0xDC4D,0xDC4D,0xDC4D,0xDC4D,0xDC4D,0xDC4D,0xDC4D,0xDC4D,0xDC4D,0xDC4D,0xDC4D,0xDC2D,0xDC2D,0xDC2D,0xDC4D,0xDC4D,
  0xDC4D,0xDC4D,0xDC4D,0xDC4D,0xDC2D,0xE46E,0xC3AC,0xBB8B,0xE46E,0xDC2D,0xDC4D,0xDC4D,0xDC4D,0xDC4D,0xE44E,0x5184,
  0x5184,0xDC4D,0xDC2D,0xDC2D,0xDC2D,0xDC2D,0xDC2D,0xE44D,0xBB8B,0xC3AC,0xE46E,0xDC2D,0xDC4D,0xDC4D,0xDC4D,0xDC4D,
  0xDC4D,0xDC4D,0xDC4D,0xDC4D,0xDC4D,0xDC4D,0xDC4D,0xDC4D,0xDC4D,0xDC4D,0xDC4D,0xDC4D,0xDC4D,0xDC4D,0xDC4D,0xDC4D,
  0xDC4D,0xDC4D,0xDC4D,0xDC4D,0xDC4D,0xDC4D,0xDC4D,0xDC4D,0xDC4D,0xDC4D,0xDC4D,0xDC4D,0xDC4D,0xDC4D,0xDC4D,0xDC4D,
  0xDC4D,0xDC4D,0xDC4D,0xDC4D,0xDC2D,0xE46E,0xC3AC,0xBB8B,0xE44D,0xDC2D,0xDC2D,0xDC2D,0xDC2D,0xDC2D,0xDC4D,0x5184,
  0x0000,0x0000,0x0000,0x0000,0x0000,0x0000,0x0000,0x0000,0x28C2,0xB38B,0xE46E,0xDC2D,0xDC4D,0xDC4D,0xDC4D,0xDC4D,
  0xDC4D,0xDC4D,0xDC4D,0xDC4D,0xDC4D,0xDC4D,0xDC4D,0xDC4D,0xDC4D,0xDC4D,0xDC4D,0xDC4D,0xDC4D,0xDC4D,0xDC4D,0xDC4D,
  0xDC4D,0xDC4D,0xDC4D,0xDC4D,0xDC4D,0xDC4D,0xDC4D,0xDC4D,0xDC4D,0xDC4D,0xDC4D,0xDC4D,0xDC4D,0xDC4D,0xDC4D,0xDC4D,
  0xDC4D,0xDC4D,0xDC4D,0xDC4D,0xDC2D,0xE46E,0xB38B,0x28C2,0x0000,0x0000,0x0000,0x0000,0x0000,0x0000,0x0000,0x0000,
  0x0000,0x0000,0x0000,0x0000,0x0000,0x0000,0x0000,0x0000,0x20C2,0xB38B,0xE46E,0xDC2D,0xDC4D,0xDC4D,0xDC4D,0xDC4D,
  0xDC4D,0xDC4D,0xDC4D,0xDC4D,0xDC4D,0xDC4D,0xDC4D,0xDC4D,0xDC4D,0xDC4D,0xDC4D,0xDC4D,0xDC4D,0xDC4D,0xDC4D,0xDC4D,
  0xDC4D,0xDC4D,0xDC4D,0xDC4D,0xDC4D,0xDC4D,0xDC4D,0xDC4D,0xDC4D,0xDC4D,0xDC4D,0xDC4D,0xDC4D,0xDC4D,0xDC4D,0xDC4D,
  0xDC4D,0xDC4D,0xDC4D,0xDC4D,0xDC2D,0xE46E,0xB38B,0x20C2,0x0000,0x0000,0x0000,0x0000,0x0000,0x0000,0x0000,0x0000,
  0x0000,0x0000,0x0000,0x0000,0x0000,0x0000,0x0000,0x0000,0x28C2,0xB38B,0xE46E,0xDC2D,0xDC4D,0xDC4D,0xDC4D,0xDC4D,
  0xDC4D,0xDC4D,0xDC4D,0xDC4D,0xDC4D,0xDC4D,0xDC4D,0xDC4D,0xDC4D,0xDC4D,0xDC4D,0xDC4D,0xDC4D,0xDC4D,0xDC4D,0xDC4D,
  0xDC4D,0xDC4D,0xDC4D,0xDC4D,0xDC4D,0xDC4D,0xDC4D,0xDC4D,0xDC4D,0xDC4D,0xDC4D,0xDC4D,0xDC4D,0xDC4D,0xDC4D,0xDC4D,
  0xDC4D,0xDC4D,0xDC4D,0xDC4D,0xDC2D,0xE46E,0xB38B,0x28C2,0x0000,0x0000,0x0000,0x0000,0x0000,0x0000,0x0000,0x0000,
  0x0000,0x0000,0x0000,0x0000,0x0000,0x0000,0x0000,0x0000,0x28C2,0xB38B,0xE46E,0xDC2D,0xDC4D,0xDC4D,0xDC4D,0xDC4D,
  0xDC4D,0xDC4D,0xDC4D,0xDC4D,0xDC4D,0xDC4D,0xDC4D,0xDC4D,0xDC4D,0xDC4D,0xDC4D,0xDC4D,0xDC4D,0xDC4D,0xDC4D,0xDC4D,
  0xDC4D,0xDC4D,0xDC4D,0xDC4D,0xDC4D,0xDC4D,0xDC4D,0xDC4D,0xDC4D,0xDC4D,0xDC4D,0xDC4D,0xDC4D,0xDC4D,0xDC4D,0xDC4D,
  0xDC4D,0xDC4D,0xDC4D,0xDC4D,0xDC2D,0xE46E,0xB38B,0x28C2,0x0000,0x0000,0x0000,0x0000,0x0000,0x0000,0x0000,0x0000,
  0x0000,0x0000,0x0000,0x0000,0x0000,0x0000,0x0000,0x0000,0x28C2,0xB38B,0xE46E,0xDC2D,0xDC4D,0xDC4D,0xDC4D,0xDC4D,
  0xDC4D,0xDC4D,0xDC4D,0xDC4D,0xDC4D,0xDC4D,0xDC4D,0xDC4D,0xDC4D,0xDC4D,0xDC4D,0xDC4D,0xDC4D,0xDC4D,0xDC4D,0xDC4D,
  0xDC4D,0xDC4D,0xDC4D,0xDC4D,0xDC4D,0xDC4D,0xDC4D,0xDC4D,0xDC4D,0xDC4D,0xDC4D,0xDC4D,0xDC4D,0xDC4D,0xDC4D,0xDC4D,
  0xDC4D,0xDC4D,0xDC4D,0xDC4D,0xDC2D,0xE46E,0xB38B,0x28C2,0x0000,0x0000,0x0000,0x0000,0x0000,0x0000,0x0000,0x0000,
  0x0000,0x0000,0x0000,0x0000,0x0000,0x0000,0x0000,0x0000,0x28C2,0xB38B,0xE46E,0xDC2D,0xDC2D,0xDC2D,0xDC2D,0xDC2D,
  0xDC2D,0xDC2D,0xDC2D,0xDC2D,0xDC2D,0xDC2D,0xDC2D,0xDC2D,0xDC2D,0xDC2D,0xDC2D,0xDC2D,0xDC2D,0xDC2D,0xDC2D,0xDC2D,
  0xDC2D,0xDC2D,0xDC2D,0xDC2D,0xDC2D,0xDC2D,0xDC2D,0xDC2D,0xDC2D,0xDC2D,0xDC2D,0xDC2D,0xDC2D,0xDC2D,0xDC2D,0xDC2D,
  0xDC2D,0xDC2D,0xDC2D,0xDC2D,0xDC2D,0xE46E,0xB38B,0x28C2,0x0000,0x0000,0x0000,0x0000,0x0000,0x0000,0x0000,0x0000,
  0x0000,0x0000,0x0000,0x0000,0x0000,0x0000,0x0000,0x0000,0x28C2,0xB36B,0xE46D,0xDC2D,0xDC2D,0xE44D,0xE44D,0xE44D,
  0xE44D,0xDC2D,0xDC2D,0xDC2D,0xDC2D,0xDC2D,0xE44D,0xE44D,0xE44D,0xDC4D,0xDC2D,0xDC2D,0xDC2D,0xDC2D,0xDC2D,0xDC2D,
  0xDC2D,0xDC2D,0xDC2D,0xDC2D,0xDC2D,0xDC2D,0xDC4D,0xE44D,0xE44D,0xE44D,0xDC2D,0xDC2D,0xDC2D,0xDC2D,0xDC2D,0xE44D,
  0xE44D,0xE44D,0xE44D,0xDC2D,0xDC2D,0xE46D,0xB36B,0x28C2,0x0000,0x0000,0x0000,0x0000,0x0000,0x0000,0x0000,0x0000,
  0x0000,0x0000,0x0000,0x0000,0x0000,0x0000,0x0000,0x0000,0x28C2,0xBBAB,0xF4AE,0xE46E,0xEC6E,0xD40D,0xD40C,0xD40C,
  0xD40C,0xDC4D,0xEC6E,0xEC6E,0xEC6E,0xDC4D,0xD40C,0xD40C,0xD40C,0xDC2D,0xE46E,0xEC6E,0xEC6E,0xEC6E,0xEC6E,0xEC6E,
  0xEC6E,0xEC6E,0xEC6E,0xEC6E,0xEC6E,0xE46E,0xDC2D,0xD40C,0xD40C,0xD40C,0xDC4D,0xEC6E,0xEC6E,0xEC6E,0xDC4D,0xD40C,
  0xD40C,0xD40C,0xD40D,0xEC6E,0xE46E,0xF4AE,0xBBAB,0x28C2,0x0000,0x0000,0x0000,0x0000,0x0000,0x0000,0x0000,0x0000,
  0x0000,0x0000,0x0000,0x0000,0x0000,0x0000,0x0000,0x0000,0x1041,0x4964,0x59C5,0x59C5,0x59A5,0xC3AB,0xD40D,0xD40C,
  0xD40C,0x82A8,0x59A5,0x59C5,0x59A5,0x8AA8,0xDC2D,0xCBEC,0xDC2D,0xA32A,0x59C5,0x59A5,0x59C5,0x59A5,0x59A5,0x59A5,
  0x59A5,0x59A5,0x59A5,0x59C5,0x59A5,0x59C5,0xA32A,0xDC2D,0xCBEC,0xDC2D,0x8AA8,0x59A5,0x59C5,0x59A5,0x82A8,0xD40C,
  0xD40C,0xD40D,0xC3AB,0x59A5,0x59C5,0x59C5,0x4964,0x1041,0x0000,0x0000,0x0000,0x0000,0x0000,0x0000,0x0000,0x0000,
  0x0000,0x0000,0x0000,0x0000,0x0000,0x0000,0x0000,0x0000,0x0000,0x0000,0x0000,0x0000,0x0000,0xBBAB,0xEC8E,0xE44D,
  0xDC2D,0x4964,0x0000,0x0000,0x0000,0x5185,0xFCCF,0xD40D,0xF48E,0x8A88,0x0000,0x0000,0x0000,0x0000,0x0000,0x0000,
  0x0000,0x0000,0x0000,0x0000,0x0000,0x0000,0x8A88,0xF48E,0xD40D,0xFCCF,0x5185,0x0000,0x0000,0x0000,0x4964,0xDC2D,
  0xE44D,0xEC8E,0xBBAB,0x0000,0x0000,0x0000,0x0000,0x0000,0x0000,0x0000,0x0000,0x0000,0x0000,0x0000,0x0000,0x0000,
  0x0000,0x0000,0x0000,0x0000,0x0000,0x0000,0x0000,0x0000,0x0000,0x0000,0x0000,0x0820,0x0000,0xBB8B,0xE46E,0xDC2D,
  0xDC2D,0x59A5,0x0000,0x0020,0x0000,0x59C5,0xF48E,0xD40C,0xEC8E,0x8AA8,0x0840,0x0000,0x0020,0x0000,0x0000,0x0000,
  0x0000,0x0000,0x0000,0x0020,0x0000,0x0840,0x8AA8,0xEC8E,0xD40C,0xF48E,0x59C5,0x0000,0x0020,0x0000,0x59A5,0xDC2D,
  0xDC2D,0xE46E,0xBB8B,0x0000,0x0820,0x0000,0x0000,0x0000,0x0000,0x0000,0x0000,0x0000,0x0000,0x0000,0x0000,0x0000,
  0x0000,0x0000,0x0000,0x0000,0x0000,0x0000,0x0000,0x0000,0x0000,0x0000,0x0000,0x0000,0x0000,0xBB8B,0xEC6E,0xDC4D,
  0xDC2D,0x51A5,0x0000,0x0000,0x0000,0x59C5,0xF4AE,0xD40C,0xEC8E,0x8AA8,0x0820,0x0000,0x0000,0x0000,0x0000,0x0000,
  0x0000,0x0000,0x0000,0x0000,0x0000,0x0820,0x8AA8,0xEC8E,0xD40C,0xF4AE,0x59C5,0x0000,0x0000,0x0000,0x51A5,0xDC2D,
  0xDC4D,0xEC6E,0xBB8B,0x0000,0x0000,0x0000,0x0000,0x0000,0x0000,0x0000,0x0000,0x0000,0x0000,0x0000,0x0000,0x0000,
  0x0000,0x0000,0x0000,0x0000,0x0000,0x0000,0x0000,0x0000,0x0000,0x0000,0x0000,0x0000,0x0000,0xBB8B,0xEC6E,0xDC4D,
  0xDC2D,0x51A5,0x0000,0x0000,0x0000,0x59C5,0xF4AE,0xD40C,0xEC8E,0x8AA8,0x0820,0x0000,0x0000,0x0000,0x0000,0x0000,
  0x0000,0x0000,0x0000,0x0000,0x0000,0x0820,0x8AA8,0xEC8E,0xD40C,0xF4AE,0x59C5,0x0000,0x0000,0x0000,0x51A5,0xDC2D,
  0xDC4D,0xEC6E,0xBB8B,0x0000,0x0000,0x0000,0x0000,0x0000,0x0000,0x0000,0x0000,0x0000,0x0000,0x0000,0x0000,0x0000,
  0x0000,0x0000,0x0000,0x0000,0x0000,0x0000,0x0000,0x0000,0x0000,0x0000,0x0000,0x0000,0x0000,0xBB8B,0xEC6E,0xDC4D,
  0xDC2D,0x51A5,0x0000,0x0000,0x0000,0x59C5,0xF4AE,0xD40C,0xEC8E,0x8AA8,0x0820,0x0000,0x0000,0x0000,0x0000,0x0000,
  0x0000,0x0000,0x0000,0x0000,0x0000,0x0820,0x8AA8,0xEC8E,0xD40C,0xF4AE,0x59C5,0x0000,0x0000,0x0000,0x51A5,0xDC2D,
  0xDC4D,0xEC6E,0xBB8B,0x0000,0x0000,0x0000,0x0000,0x0000,0x0000,0x0000,0x0000,0x0000,0x0000,0x0000,0x0000,0x0000,
  0x0000,0x0000,0x0000,0x0000,0x0000,0x0000,0x0000,0x0000,0x0000,0x0000,0x0000,0x0000,0x0000,0xBB8B,0xEC6E,0xDC4D,
  0xDC2D,0x51A5,0x0000,0x0000,0x0000,0x59C5,0xF4AE,0xD40C,0xEC8E,0x8AA8,0x0820,0x0000,0x0000,0x0000,0x0000,0x0000,
  0x0000,0x0000,0x0000,0x0000,0x0000,0x0820,0x8AA8,0xEC8E,0xD40C,0xF4AE,0x59C5,0x0000,0x0000,0x0000,0x51A5,0xDC2D,
  0xDC4D,0xEC6E,0xBB8B,0x0000,0x0000,0x0000,0x0000,0x0000,0x0000,0x0000,0x0000,0x0000,0x0000,0x0000,0x0000,0x0000,
  0x0000,0x0000,0x0000,0x0000,0x0000,0x0000,0x0000,0x0000,0x0000,0x0000,0x0000,0x0000,0x0000,0xC3AB,0xEC8E,0xE44D,
  0xDC4D,0x51A5,0x0000,0x0000,0x0000,0x59C5,0xF4AF,0xD42D,0xEC8E,0x8AA8,0x0820,0x0000,0x0000,0x0000,0x0000,0x0000,
  0x0000,0x0000,0x0000,0x0000,0x0000,0x0820,0x8AA8,0xEC8E,0xD42D,0xF4AF,0x59C5,0x0000,0x0000,0x0000,0x51A5,0xDC4D,
  0xE44D,0xEC8E,0xC3AB,0x0000,0x0000,0x0000,0x0000,0x0000,0x0000,0x0000,0x0000,0x0000,0x0000,0x0000,0x0000,0x0000,
  0x0000,0x0000,0x0000,0x0000,0x0000,0x0000,0x0000,0x0000,0x0000,0x0000,0x0000,0x0000,0x0000,0x8AA8,0xAB4A,0xA32A,
  0xA32A,0x4124,0x0000,0x0000,0x0000,0x4144,0xB36B,0x9B09,0xAB4A,0x6A06,0x0820,0x0000,0x0000,0x0000,0x0000,0x0000,
  0x0000,0x0000,0x0000,0x0000,0x0000,0x0820,0x6A06,0xAB4A,0x9B09,0xB36B,0x4144,0x0000,0x0000,0x0000,0x4124,0xA32A,
  0xA32A,0xAB4A,0x8AA8,0x0000,0x0000,0x0000,0x0000,0x0000,0x0000,0x0000,0x0000,0x0000,0x0000,0x0000,0x0000,0x0000,
  0x0000,0x0000,0x0000,0x0000,0x0000,0x0000,0x0000,0x0000,0x0000,0x0000,0x0000,0x0000,0x0000,0x0000,0x0000,0x0000,
  0x0000,0x0000,0x0000,0x0000,0x0000,0x0000,0x0000,0x0000,0x0000,0x0000,0x0000,0x0000,0x0000,0x0000,0x0000,0x0000,
  0x0000,0x0000,0x0000,0x0000,0x0000,0x0000,0x0000,0x0000,0x0000,0x0000,0x0000,0x0000,0x0000,0x0000,0x0000,0x0000,
  0x0000,0x0000,0x0000,0x0000,0x0000,0x0000,0x0000,0x0000,0x0000,0x0000,0x0000,0x0000,0x0000,0x0000,0x0000,0x0000,
  0x0000,0x0000,0x0000,0x0000,0x0000,0x0000,0x0000,0x0000,0x0000,0x0000,0x0000,0x0000,0x0000,0x0000,0x0000,0x0000,
  0x0000,0x0000,0x0000,0x0000,0x0000,0x0000,0x0000,0x0000,0x0000,0x0000,0x0000,0x0000,0x0000,0x0000,0x0000,0x0000,
  0x0000,0x0000,0x0000,0x0000,0x0000,0x0000,0x0000,0x0000,0x0000,0x0000,0x0000,0x0000,0x0000,0x0000,0x0000,0x0000,
  0x0000,0x0000,0x0000,0x0000,0x0000,0x0000,0x0000,0x0000,0x0000,0x0000,0x0000,0x0000,0x0000,0x0000,0x0000,0x0000,
  0x0000,0x0000,0x0000,0x0000,0x0000,0x0000,0x0000,0x0000,0x0000,0x0000,0x0000,0x0000,0x0000,0x0000,0x0000,0x0000,
  0x0000,0x0000,0x0000,0x0000,0x0000,0x0000,0x0000,0x0000,0x0000,0x0000,0x0000,0x0000,0x0000,0x0000,0x0000,0x0000,
  0x0000,0x0000,0x0000,0x0000,0x0000,0x0000,0x0000,0x0000,0x0000,0x0000,0x0000,0x0000,0x0000,0x0000,0x0000,0x0000,
  0x0000,0x0000,0x0000,0x0000,0x0000,0x0000,0x0000,0x0000,0x0000,0x0000,0x0000,0x0000,0x0000,0x0000,0x0000,0x0000,
  0x0000,0x0000,0x0000,0x0000,0x0000,0x0000,0x0000,0x0000,0x0000,0x0000,0x0000,0x0000,0x0000,0x0000,0x0000,0x0000,
  0x0000,0x0000,0x0000,0x0000,0x0000,0x0000,0x0000,0x0000,0x0000,0x0000,0x0000,0x0000,0x0000,0x0000,0x0000,0x0000,
  0x0000,0x0000,0x0000,0x0000,0x0000,0x0000,0x0000,0x0000,0x0000,0x0000,0x0000,0x0000,0x0000,0x0000,0x0000,0x0000,
  0x0000,0x0000,0x0000,0x0000,0x0000,0x0000,0x0000,0x0000,0x0000,0x0000,0x0000,0x0000,0x0000,0x0000,0x0000,0x0000,
  0x0000,0x0000,0x0000,0x0000,0x0000,0x0000,0x0000,0x0000,0x0000,0x0000,0x0000,0x0000,0x0000,0x0000,0x0000,0x0000,
  0x0000,0x0000,0x0000,0x0000,0x0000,0x0000,0x0000,0x0000,0x0000,0x0000,0x0000,0x0000,0x0000,0x0000,0x0000,0x0000,
  0x0000,0x0000,0x0000,0x0000,0x0000,0x0000,0x0000,0x0000,0x0000,0x0000,0x0000,0x0000,0x0000,0x0000,0x0000,0x0000,
  0x0000,0x0000,0x0000,0x0000,0x0000,0x0000,0x0000,0x0000,0x0000,0x0000,0x0000,0x0000,0x0000,0x0000,0x0000,0x0000,
  0x0000,0x0000,0x0000,0x0000,0x0000,0x0000,0x0000,0x0000,0x0000,0x0000,0x0000,0x0000,0x0000,0x0000,0x0000,0x0000,
  0x0000,0x0000,0x0000,0x0000,0x0000,0x0000,0x0000,0x0000,0x0000,0x0000,0x0000,0x0000,0x0000,0x0000,0x0000,0x0000,
  0x0000,0x0000,0x0000,0x0000,0x0000,0x0000,0x0000,0x0000,0x0000,0x0000,0x0000,0x0000,0x0000,0x0000,0x0000,0x0000,
  0x0000,0x0000,0x0000,0x0000,0x0000,0x0000,0x0000,0x0000,0x0000,0x0000,0x0000,0x0000,0x0000,0x0000,0x0000,0x0000,
  0x0000,0x0000,0x0000,0x0000,0x0000,0x0000,0x0000,0x0000,0x0000,0x0000,0x0000,0x0000,0x0000,0x0000,0x0000,0x0000,
  0x0000,0x0000,0x0000,0x0000,0x0000,0x0000,0x0000,0x0000,0x0000,0x0000,0x0000,0x0000,0x0000,0x0000,0x0000,0x0000,
  0x0000,0x0000,0x0000,0x0000,0x0000,0x0000,0x0000,0x0000,0x0000,0x0000,0x0000,0x0000,0x0000,0x0000,0x0000,0x0000,
  0x0000,0x0000,0x0000,0x0000,0x0000,0x0000,0x0000,0x0000,0x0000,0x0000,0x0000,0x0000,0x0000,0x0000,0x0000,0x0000,
  0x0000,0x0000,0x0000,0x0000,0x0000,0x0000,0x0000,0x0000,0x0000,0x0000,0x0000,0x0000,0x0000,0x0000,0x0000,0x0000,
  0x0000,0x0000,0x0000,0x0000,0x0000,0x0000,0x0000,0x0000,0x0000,0x0000,0x0000,0x0000,0x0000,0x0000,0x0000,0x0000,
  0x0000,0x0000,0x0000,0x0000,0x0000,0x0000,0x0000,0x0000,0x0000,0x0000,0x0000,0x0000,0x0000,0x0000,0x0000,0x0000,
  0x0000,0x0000,0x0000,0x0000,0x0000,0x0000,0x0000,0x0000,0x0000,0x0000,0x0000,0x0000,0x0000,0x0000,0x0000,0x0000,
  0x0000,0x0000,0x0000,0x0000,0x0000,0x0000,0x0000,0x0000,0x0000,0x0000,0x0000,0x0000,0x0000,0x0000,0x0000,0x0000,
  0x0000,0x0000,0x0000,0x0000,0x0000,0x0000,0x0000,0x0000,0x0000,0x0000,0x0000,0x0000,0x0000,0x0000,0x0000,0x0000,
  0x0000,0x0000,0x0000,0x0000,0x0000,0x0000,0x0000,0x0000,0x0000,0x0000,0x0000,0x0000,0x0000,0x0000,0x0000,0x0000,
  0x0000,0x0000,0x0000,0x0000,0x0000,0x0000,0x0000,0x0000,0x0000,0x0000,0x0000,0x0000,0x0000,0x0000,0x0000,0x0000,
  0x0000,0x0000,0x0000,0x0000,0x0000,0x0000,0x0000,0x0000,0x0000,0x0000,0x0000,0x0000,0x0000,0x0000,0x0000,0x0000,
  0x0000,0x0000,0x0000,0x0000,0x0000,0x0000,0x0000,0x0000,0x0000,0x0000,0x0000,0x0000,0x0000,0x0000,0x0000,0x0000,
  0x0000,0x0000,0x0000,0x0000,0x0000,0x0000,0x0000,0x0000,0x0000,0x0000,0x0000,0x0000,0x0000,0x0000,0x0000,0x0000,
  0x0000,0x0000,0x0000,0x0000,0x0000,0x0000,0x0000,0x0000,0x0000,0x0000,0x0000,0x0000,0x0000,0x0000,0x0000,0x0000,
  0x0000,0x0000,0x0000,0x0000,0x0000,0x0000,0x0000,0x0000,0x0000,0x0000,0x0000,0x0000,0x0000,0x0000,0x0000,0x0000,
  0x0000,0x0000,0x0000,0x0000,0x0000,0x0000,0x0000,0x0000,0x0000,0x0000,0x0000,0x0000,0x0000,0x0000,0x0000,0x0000,
  0x0000,0x0000,0x0000,0x0000,0x0000,0x0000,0x0000,0x0000,0x0000,0x0000,0x0000,0x0000,0x0000,0x0000,0x0000,0x0000,
  0x0000,0x0000,0x0000,0x0000,0x0000,0x0000,0x0000,0x0000,0x0000,0x0000,0x0000,0x0000,0x0000,0x0000,0x0000,0x0000,
  0x0000,0x0000,0x0000,0x0000,0x0000,0x0000,0x0000,0x0000,0x0000,0x0000,0x0000,0x0000,0x0000,0x0000,0x0000,0x0000,
  0x0000,0x0000,0x0000,0x0000,0x0000,0x0000,0x0000,0x0000,0x0000,0x0000,0x0000,0x0000,0x0000,0x0000,0x0000,0x0000,
  0x0000,0x0000,0x0000,0x0000,0x0000,0x0000,0x0000,0x0000,0x0000,0x0000,0x0000,0x0000,0x0000,0x0000,0x0000,0x0000,
  0x0000,0x0000,0x0000,0x0000,0x0000,0x0000,0x0000,0x0000,0x0000,0x0000,0x0000,0x0000,0x0000,0x0000,0x0000,0x0000,
  0x0000,0x0000,0x0000,0x0000,0x0000,0x0000,0x0000,0x0000,0x0000,0x0000,0x0000,0x0000,0x0000,0x0000,0x0000,0x0000,
  0x0000,0x0000,0x0000,0x0000,0x0000,0x0000,0x0000,0x0000,0x0000,0x0000,0x0000,0x0000,0x0000,0x0000,0x0000,0x0000,
  0x0000,0x0000,0x0000,0x0000,0x0000,0x0000,0x0000,0x0000,0x0000,0x0000,0x0000,0x0000,0x0000,0x0000,0x0000,0x0000,
  0x0000,0x0000,0x0000,0x0000,0x0000,0x0000,0x0000,0x0000,0x0000,0x0000,0x0000,0x0000,0x0000,0x0000,0x0000,0x0000,
  0x0000,0x0000,0x0000,0x0000,0x0000,0x0000,0x0000,0x0000,0x0000,0x0000,0x0000,0x0000,0x0000,0x0000,0x0000,0x0000,
  0x0000,0x0000,0x0000,0x0000,0x0000,0x0000,0x0000,0x0000,0x0000,0x0000,0x0000,0x0000,0x0000,0x0000,0x0000,0x0000,
  0x0000,0x0000,0x0000,0x0000,0x0000,0x0000,0x0000,0x0000,0x0000,0x0000,0x0000,0x0000,0x0000,0x0000,0x0000,0x0000,
  0x0000,0x0000,0x0000,0x0000,0x0000,0x0000,0x0000,0x0000,0x0000,0x0000,0x0000,0x0000,0x0000,0x0000,0x0000,0x0000,
  0x0000,0x0000,0x0000,0x0000,0x0000,0x0000,0x0000,0x0000,0x0000,0x0000,0x0000,0x0000,0x0000,0x0000,0x0000,0x0000,
  0x0000,0x0000,0x0000,0x0000,0x0000,0x0000,0x0000,0x0000,0x0000,0x0000,0x0000,0x0000,0x0000,0x0000,0x0000,0x0000,
  0x0000,0x0000,0x0000,0x0000,0x0000,0x0000,0x0000,0x0000,0x0000,0x0000,0x0000,0x0000,0x0000,0x0000,0x0000,0x0000,
  0x0000,0x0000,0x0000,0x0000,0x0000,0x0000,0x0000,0x0000,0x0000,0x0000,0x0000,0x0000,0x0000,0x0000,0x0000,0x0000,
};

const uint16_t sprite_ERROR[64*64] PROGMEM = {
  0x0000,0x0000,0x0000,0x0000,0x0000,0x0000,0x0000,0x0000,0x0000,0x0000,0x0000,0x0000,0x0000,0x0000,0x0000,0x0000,
  0x0000,0x0000,0x0000,0x0000,0x0000,0x0000,0x0000,0x0000,0x0000,0x0000,0x0000,0x0000,0x0000,0x41A0,0xE560,0xFDE0,
  0xFDE0,0xE560,0x41A0,0x0000,0x0000,0x0000,0x0000,0x0000,0x0000,0x0000,0x0000,0x0000,0x0000,0x0000,0x0000,0x0000,
  0x0000,0x0000,0x0000,0x0000,0x0000,0x0000,0x0000,0x0000,0x0000,0x0000,0x0000,0x0000,0x0000,0x0000,0x0000,0x0000,
  0x0000,0x0000,0x0000,0x0000,0x0000,0x0000,0x0000,0x0000,0x0000,0x0000,0x0000,0x0000,0x0000,0x0000,0x0000,0x0000,
  0x0000,0x0000,0x0000,0x0000,0x0000,0x0000,0x0000,0x0000,0x0000,0x0000,0x0000,0x0020,0x0000,0x6240,0xF5C0,0xFE00,
  0xFE00,0xF5C0,0x6240,0x0000,0x0020,0x0000,0x0000,0x0000,0x0000,0x0000,0x0000,0x0000,0x0000,0x0000,0x0000,0x0000,
  0x0000,0x0000,0x0000,0x0000,0x0000,0x0000,0x0000,0x0000,0x0000,0x0000,0x0000,0x0000,0x0000,0x0000,0x0000,0x0000,
  0x0000,0x0000,0x0000,0x0000,0x0000,0x0000,0x0000,0x0000,0x0000,0x0000,0x0000,0x0000,0x0000,0x0000,0x0000,0x0000,
  0x0000,0x0000,0x0000,0x0000,0x0000,0x0000,0x0000,0x0000,0x0000,0x0000,0x0000,0x0000,0x0000,0x5A20,0xF5C0,0xFE00,
  0xFE00,0xF5C0,0x5A20,0x0000,0x0000,0x0000,0x0000,0x0000,0x0000,0x0000,0x0000,0x0000,0x0000,0x0000,0x0000,0x0000,
  0x0000,0x0000,0x0000,0x0000,0x0000,0x0000,0x0000,0x0000,0x0000,0x0000,0x0000,0x0000,0x0000,0x0000,0x0000,0x0000,
  0x0000,0x0000,0x0000,0x0000,0x0000,0x0000,0x0000,0x0000,0x0000,0x0000,0x0000,0x0000,0x0000,0x0000,0x0000,0x0000,
  0x0000,0x0000,0x0000,0x0000,0x0000,0x0000,0x0000,0x0000,0x0000,0x0020,0x18A0,0x20C0,0x18A0,0x6AA0,0xF5C0,0xFE00,
  0xFE00,0xF5C0,0x6AA0,0x18A0,0x20C0,0x18A0,0x0020,0x0000,0x0000,0x0000,0x0000,0x0000,0x0000,0x0000,0x0000,0x0000,
  0x0000,0x0000,0x0000,0x0000,0x0000,0x0000,0x0000,0x0000,0x0000,0x0000,0x0000,0x0000,0x0000,0x0000,0x0000,0x0000,
  0x0000,0x0000,0x0000,0x0000,0x0000,0x0000,0x0000,0x0000,0x0000,0x0000,0x0000,0x0000,0x0000,0x0000,0x0000,0x0000,
  0x0000,0x0000,0x0000,0x0000,0x0000,0x0000,0x0000,0x0000,0x0000,0x3960,0xC4C0,0xC4A0,0xC4A0,0xD500,0xFDE0,0xFE00,
  0xFE00,0xFDE0,0xD500,0xC4A0,0xC4A0,0xC4C0,0x3960,0x0000,0x0000,0x0000,0x0000,0x0000,0x0000,0x0000,0x0000,0x0000,
  0x0000,0x0000,0x0000,0x0000,0x0000,0x0000,0x0000,0x0000,0x0000,0x0000,0x0000,0x0000,0x0000,0x0000,0x0000,0x0000,
  0x0000,0x0000,0x0000,0x0000,0x0000,0x0000,0x0000,0x0000,0x0000,0x0000,0x0000,0x0000,0x0000,0x0000,0x0000,0x0000,
  0x0000,0x0000,0x0000,0x0000,0x0000,0x0000,0x0000,0x0000,0x0000,0x6240,0xFEC1,0xFE00,0xFE40,0xFE20,0xFE00,0xFE00,
  0xFE00,0xFE00,0xFE20,0xFE40,0xFE00,0xFEC1,0x6240,0x0000,0x0000,0x0000,0x0000,0x0000,0x0000,0x0000,0x0000,0x0000,
  0x0000,0x0000,0x0000,0x0000,0x0000,0x0000,0x0000,0x0000,0x0000,0x0000,0x0000,0x0000,0x0000,0x0000,0x0000,0x0000,
  0x0000,0x0000,0x0000,0x0000,0x0000,0x0000,0x0000,0x0000,0x0000,0x0000,0x0000,0x0000,0x0000,0x0000,0x0000,0x0000,
  0x0000,0x0000,0x0000,0x0000,0x0000,0x0000,0x0000,0x0000,0x0000,0x5A20,0xFE41,0xF5C0,0xFDC0,0xFDE0,0xFE00,0xFE00,
  0xFE00,0xFE00,0xFDE0,0xFDC0,0xF5C0,0xFE41,0x5A20,0x0000,0x0000,0x0000,0x0000,0x0000,0x0000,0x0000,0x0000,0x0000,
  0x0000,0x0000,0x0000,0x0000,0x0000,0x0000,0x0000,0x0000,0x0000,0x0000,0x0000,0x0000,0x0000,0x0000,0x0000,0x0000,
  0x0000,0x0000,0x0000,0x0000,0x0000,0x0000,0x0000,0x0000,0x0000,0x0000,0x0000,0x0000,0x0000,0x0000,0x0000,0x0000,
  0x0000,0x0000,0x0000,0x0000,0x0000,0x0000,0x0000,0x0000,0x0000,0x6240,0xFEC1,0xFE00,0xFE40,0xFE20,0xFE00,0xFE00,
  0xFE00,0xFE00,0xFE20,0xFE40,0xFE00,0xFEC1,0x6240,0x0000,0x0000,0x0000,0x0000,0x0000,0x0000,0x0000,0x0000,0x0000,
  0x0000,0x0000,0x0000,0x0000,0x0000,0x0000,0x0000,0x0000,0x0000,0x0000,0x0000,0x0000,0x0000,0x0000,0x0000,0x0000,
  0x0000,0x0000,0x0000,0x0000,0x0000,0x0000,0x0000,0x0000,0x0000,0x0000,0x0000,0x0000,0x0000,0x0000,0x0000,0x0000,
  0x0000,0x0000,0x0000,0x0000,0x0000,0x0000,0x0000,0x0000,0x0000,0x3120,0xA3E0,0xABE0,0xA3C0,0xC480,0xFDE0,0xFE00,
  0xFE00,0xFDE0,0xC480,0xA3C0,0xABE0,0xA3E0,0x3120,0x0000,0x0000,0x0000,0x0000,0x0000,0x0000,0x0000,0x0000,0x0000,
  0x0000,0x0000,0x0000,0x0000,0x0000,0x0000,0x0000,0x0000,0x0000,0x0000,0x0000,0x0000,0x0000,0x0000,0x0000,0x0000,
  0x0000,0x0000,0x0000,0x0000,0x0000,0x0000,0x0000,0x0000,0x0000,0x0000,0x0000,0x0000,0x0000,0x0000,0x0000,0x0000,
  0x0000,0x0000,0x0000,0x0000,0x0000,0x0000,0x0000,0x0000,0x0000,0x0000,0x0820,0x0840,0x0820,0x6240,0xF5C0,0xFE00,
  0xFE00,0xF5C0,0x6240,0x0820,0x0840,0x0820,0x0000,0x0000,0x0000,0x0000,0x0000,0x0000,0x0000,0x0000,0x0000,0x0000,
  0x0000,0x0000,0x0000,0x0000,0x0000,0x0000,0x0000,0x0000,0x0000,0x0000,0x0000,0x0000,0x0000,0x0000,0x0000,0x0000,
  0x0000,0x0000,0x0000,0x0000,0x0000,0x0000,0x0000,0x0000,0x0000,0x0000,0x0000,0x0000,0x0000,0x0000,0x0000,0x0000,
  0x0000,0x0000,0x0000,0x0000,0x0000,0x0000,0x0000,0x0000,0x0000,0x0000,0x0000,0x0000,0x0000,0x5A20,0xF5C0,0xFE00,
  0xFE00,0xF5C0,0x5A20,0x0000,0x0000,0x0000,0x0000,0x0000,0x0000,0x0000,0x0000,0x0000,0x0000,0x0000,0x0000,0x0000,
  0x0000,0x0000,0x0000,0x0000,0x0000,0x0000,0x0000,0x0000,0x0000,0x0000,0x0000,0x0000,0x0000,0x0000,0x0000,0x0000,
  0x0000,0x0000,0x0000,0x0000,0x0000,0x0000,0x0000,0x0000,0x0000,0x0000,0x0000,0x0000,0x0000,0x0000,0x0000,0x0000,
  0x0000,0x0000,0x0000,0x0000,0x0000,0x0000,0x0000,0x0000,0x0000,0x0000,0x0000,0x0000,0x0000,0x6240,0xFE00,0xFE60,
  0xFE60,0xFE00,0x6240,0x0000,0x0000,0x0000,0x0000,0x0000,0x0000,0x0000,0x0000,0x0000,0x0000,0x0000,0x0000,0x0000,
  0x0000,0x0000,0x0000,0x0000,0x0000,0x0000,0x0000,0x0000,0x0000,0x0000,0x0000,0x0000,0x0000,0x0000,0x0000,0x0000,
  0x0000,0x0000,0x0000,0x0000,0x0000,0x0000,0x0000,0x0000,0x0000,0x0000,0x0000,0x0000,0x0000,0x0000,0x0000,0x0000,
  0x0000,0x0000,0x0000,0x0000,0x0000,0x0000,0x0000,0x0000,0x0000,0x0000,0x0000,0x0000,0x0000,0x3140,0xBC60,0xD4C0,
  0xD4C0,0xBC60,0x3140,0x0000,0x0000,0x0000,0x0000,0x0000,0x0000,0x0000,0x0000,0x0000,0x0000,0x0000,0x0000,0x0000,
  0x0000,0x0000,0x0000,0x0000,0x0000,0x0000,0x0000,0x0000,0x0000,0x0000,0x0000,0x0000,0x0000,0x0000,0x0000,0x0000,
  0x0000,0x0000,0x0000,0x0000,0x0000,0x0000,0x0000,0x0000,0x0000,0x0000,0x0000,0x0000,0x0000,0x0000,0x0000,0x0000,
  0x0000,0x0000,0x0000,0x0000,0x0000,0x0000,0x0000,0x0000,0x0000,0x0000,0x0000,0x0000,0x0000,0x0000,0x0000,0x0000,
  0x0000,0x0000,0x0000,0x0000,0x0000,0x0000,0x0000,0x0000,0x0000,0x0000,0x0000,0x0000,0x0000,0x0000,0x0000,0x0000,
  0x0000,0x0000,0x0000,0x0000,0x0000,0x0000,0x0000,0x0000,0x0000,0x0000,0x0000,0x0000,0x0000,0x0000,0x0000,0x0000,
  0x0000,0x0000,0x0000,0x0000,0x0000,0x0000,0x0000,0x0000,0x0000,0x0000,0x0000,0x0000,0x0000,0x0000,0x0000,0x0000,
  0x0000,0x0000,0x0000,0x0000,0x0000,0x0000,0x0000,0x0000,0x0000,0x0000,0x0000,0x0000,0x0000,0x0000,0x0020,0x0020,
  0x0020,0x0020,0x0000,0x0000,0x0000,0x0000,0x0000,0x0000,0x0000,0x0000,0x0000,0x0000,0x0000,0x0000,0x0000,0x0000,
  0x0000,0x0000,0x0000,0x0000,0x0000,0x0000,0x0000,0x0000,0x0000,0x0000,0x0000,0x0000,0x0000,0x0000,0x0000,0x0000,
  0x0000,0x0000,0x0000,0x0000,0x0000,0x0000,0x0000,0x0000,0x0000,0x0000,0x0000,0x0000,0x0000,0x0000,0x0000,0x0000,
  0x0000,0x0000,0x0000,0x0000,0x0000,0x0000,0x0000,0x0000,0x0000,0x0000,0x0000,0x0000,0x0000,0x0000,0x0000,0x0000,
  0x0000,0x0000,0x0000,0x0000,0x0000,0x0000,0x0000,0x0000,0x0000,0x0000,0x0000,0x0000,0x0000,0x0000,0x0000,0x0000,
  0x0000,0x0000,0x0000,0x0000,0x0000,0x0000,0x0000,0x0000,0x0000,0x0000,0x0000,0x0000,0x0000,0x0000,0x0000,0x0000,
  0x0000,0x0000,0x0000,0x0000,0x0000,0x0000,0x0000,0x0000,0x0000,0x0000,0x0000,0x0000,0x0000,0x0000,0x0000,0x0000,
  0x0000,0x0000,0x0000,0x0000,0x0000,0x0000,0x0000,0x0000,0x0000,0x0000,0x0000,0x0000,0x0000,0x0000,0x0000,0x0000,
  0x0000,0x0000,0x0000,0x0000,0x0000,0x0000,0x0000,0x0000,0x0000,0x0000,0x0000,0x0000,0x0000,0x0000,0x0000,0x0000,
  0x0000,0x0000,0x0000,0x0000,0x0000,0x0000,0x0000,0x0000,0x0000,0x0000,0x0000,0x0000,0x0000,0x0000,0x0000,0x0000,
  0x0000,0x0000,0x0000,0x0000,0x0000,0x0000,0x0000,0x0000,0x0000,0x0000,0x0000,0x0000,0x0000,0x0000,0x0000,0x0000,
  0x0000,0x0000,0x0000,0x0000,0x0000,0x0000,0x0000,0x0000,0x0000,0x0000,0x0000,0x0000,0x0000,0x0000,0x0000,0x0000,
  0x0000,0x0000,0x0000,0x0000,0x0000,0x0000,0x0000,0x0000,0x0000,0x0000,0x0000,0x0000,0x0000,0x0000,0x0000,0x0000,
  0x0000,0x0000,0x0000,0x0000,0x0000,0x0000,0x0000,0x0000,0x0000,0x0000,0x0000,0x0000,0x0000,0x0000,0x0000,0x0000,
  0x0000,0x0000,0x0000,0x0000,0x0000,0x0000,0x0000,0x0000,0x0000,0x0000,0x0000,0x0000,0x0000,0x0000,0x0000,0x0000,
  0x0000,0x0000,0x0000,0x0000,0x0000,0x0000,0x0000,0x0000,0x0000,0x0000,0x0000,0x0000,0x0000,0x0000,0x0000,0x0000,
  0x0000,0x0000,0x0000,0x0000,0x0000,0x0000,0x0000,0x0000,0x0000,0x0000,0x0000,0x0000,0x0000,0x0000,0x0000,0x0000,
  0x0000,0x0000,0x0000,0x0000,0x0000,0x0000,0x0000,0x0000,0x0000,0x0000,0x0000,0x0000,0x0000,0x0000,0x0000,0x0000,
  0x0000,0x0000,0x0000,0x0000,0x0000,0x0000,0x0000,0x0000,0x0000,0x0000,0x0000,0x0000,0x0000,0x0000,0x0000,0x0000,
  0x0000,0x0000,0x0000,0x0000,0x0000,0x0000,0x0000,0x0000,0x0000,0x0000,0x0000,0x0000,0x0000,0x0000,0x0000,0x0000,
  0x0000,0x0000,0x0000,0x0000,0x0000,0x0000,0x0000,0x0000,0x0000,0x0000,0x0000,0x0000,0x0000,0x0000,0x0000,0x0000,
  0x0000,0x0000,0x0000,0x0000,0x0000,0x0000,0x0000,0x0000,0x0000,0x0000,0x0000,0x0000,0x0000,0x0000,0x0000,0x0000,
  0x0000,0x0000,0x0000,0x0000,0x0000,0x0000,0x0000,0x0000,0x0000,0x0000,0x0000,0x0000,0x0000,0x0000,0x0000,0x0000,
  0x0000,0x0000,0x0000,0x0000,0x0000,0x0000,0x0000,0x0000,0x0000,0x0000,0x0000,0x0000,0x0000,0x0000,0x0000,0x0000,
  0x0000,0x0000,0x0000,0x0000,0x0000,0x0000,0x0000,0x0000,0x0000,0x0000,0x0000,0x0000,0x0000,0x0000,0x0000,0x0000,
  0x0000,0x0000,0x0000,0x0000,0x0000,0x0000,0x0000,0x0000,0x0000,0x0000,0x0000,0x0000,0x0000,0x0000,0x0000,0x0000,
  0x0000,0x0000,0x0000,0x0000,0x0000,0x0000,0x0000,0x0000,0x0000,0x0000,0x0000,0x0000,0x0000,0x0000,0x0000,0x0000,
  0x0000,0x0000,0x0000,0x0000,0x0000,0x0000,0x0000,0x0000,0x0000,0x0000,0x0000,0x0000,0x0000,0x0000,0x0000,0x0000,
  0x0000,0x0000,0x0000,0x0000,0x0000,0x0000,0x0000,0x0000,0x0000,0x0000,0x0000,0x0000,0x0000,0x0000,0x0000,0x0000,
  0x0000,0x0000,0x0000,0x0000,0x0000,0x0000,0x0000,0x0000,0x0000,0x0000,0x0000,0x0000,0x0000,0x0000,0x0000,0x0000,
  0x0000,0x0000,0x0000,0x0000,0x0000,0x0000,0x0000,0x0000,0x0000,0x1881,0x4144,0x4944,0x4944,0x4944,0x4944,0x4944,
  0x4944,0x4944,0x4944,0x4944,0x4944,0x4944,0x4944,0x4944,0x4944,0x4944,0x4944,0x4944,0x4944,0x4944,0x4944,0x4944,
  0x4944,0x4944,0x4944,0x4944,0x4944,0x4944,0x4944,0x4944,0x4944,0x4944,0x4944,0x4944,0x4944,0x4944,0x4944,0x4944,
  0x4944,0x4944,0x4944,0x4944,0x4944,0x4144,0x1881,0x0000,0x0000,0x0000,0x0000,0x0000,0x0000,0x0000,0x0000,0x0000,
  0x0000,0x0000,0x0000,0x0000,0x0000,0x0000,0x0000,0x0000,0x0000,0x59A5,0xE46E,0xEC8E,0xEC6E,0xEC6E,0xEC6E,0xEC6E,
  0xEC6E,0xEC6E,0xEC6E,0xEC6E,0xEC6E,0xEC6E,0xEC6E,0xEC6E,0xEC6E,0xEC6E,0xEC6E,0xEC6E,0xEC6E,0xEC6E,0xEC6E,0xEC6E,
  0xEC6E,0xEC6E,0xEC6E,0xEC6E,0xEC6E,0xEC6E,0xEC6E,0xEC6E,0xEC6E,0xEC6E,0xEC6E,0xEC6E,0xEC6E,0xEC6E,0xEC6E,0xEC6E,
  0xEC6E,0xEC6E,0xEC6E,0xEC6E,0xEC8E,0xE46E,0x59A5,0x0000,0x0000,0x0000,0x0000,0x0000,0x0000,0x0000,0x0000,0x0000,
  0x0000,0x0000,0x0000,0x0000,0x0000,0x0000,0x0000,0x0000,0x0000,0x5185,0xDC2D,0xDC2D,0xDC2D,0xDC2D,0xD40D,0xD40D,
  0xD40D,0xD42D,0xDC2D,0xDC2D,0xDC2D,0xDC2D,0xD40D,0xD40D,0xD40D,0xD40D,0xDC2D,0xDC2D,0xDC2D,0xDC2D,0xDC2D,0xDC2D,
  0xDC2D,0xDC2D,0xDC2D,0xDC2D,0xDC2D,0xDC2D,0xD40D,0xD40D,0xD40D,0xD40D,0xDC2D,0xDC2D,0xDC2D,0xDC2D,0xD42D,0xD40D,
  0xD40D,0xD40D,0xDC2D,0xDC2D,0xDC2D,0xDC2D,0x5185,0x0000,0x0000,0x0000,0x0000,0x0000,0x0000,0x0000,0x0000,0x0000,
  0x0000,0x0000,0x0000,0x0000,0x0000,0x0000,0x0000,0x0000,0x0000,0x51A5,0xDC2D,0xE44D,0xDC2D,0xE44D,0xF48E,0xEC8E,
  0xEC8E,0xEC6E,0xDC4D,0xDC4D,0xDC4D,0xE44D,0xEC8E,0xEC8E,0xEC8E,0xEC8E,0xE44D,0xDC4D,0xDC4D,0xDC4D,0xDC4D,0xDC4D,
  0xDC4D,0xDC4D,0xDC4D,0xDC4D,0xDC4D,0xE44D,0xEC8E,0xEC8E,0xEC8E,0xEC8E,0xE44D,0xDC4D,0xDC4D,0xDC4D,0xEC6E,0xEC8E,
  0xEC8E,0xF48E,0xE44D,0xDC2D,0xE44D,0xDC2D,0x51A5,0x0000,0x0000,0x0000,0x0000,0x0000,0x0000,0x0000,0x0000,0x0000,
  0x0000,0x0000,0x0000,0x0000,0x0000,0x0000,0x0000,0x0000,0x0000,0x51A5,0xDC2D,0xDC4D,0xE44E,0xCBEC,0x8288,0x92C9,
  0x8AA8,0xAB2A,0xDC2D,0xDC4D,0xDC4D,0xD40C,0x8AA8,0x92C8,0x8AA8,0xA309,0xD40D,0xDC4D,0xDC4D,0xDC4D,0xDC4D,0xDC4D,
  0xDC4D,0xDC4D,0xDC4D,0xDC4D,0xDC4D,0xD40D,0xA309,0x8AA8,0x92C8,0x8AA8,0xD40C,0xDC4D,0xDC4D,0xDC2D,0xAB2A,0x8AA8,
  0x92C9,0x8288,0xCBEC,0xE44E,0xDC4D,0xDC2D,0x51A5,0x0000,0x0000,0x0000,0x0000,0x0000,0x0000,0x0000,0x0000,0x0000,
  0x0000,0x0000,0x0000,0x0000,0x0000,0x0000,0x0000,0x0000,0x0000,0x51A5,0xDC2D,0xDC4D,0xEC8E,0xA32A,0x0000,0x0840,
  0x0000,0x4964,0xCBEC,0xE44D,0xE44D,0xBBAB,0x0000,0x0020,0x0000,0x3103,0xCBCC,0xE44D,0xDC2D,0xDC4D,0xDC4D,0xDC4D,
  0xDC4D,0xDC4D,0xDC4D,0xDC2D,0xE44D,0xCBCC,0x3103,0x0000,0x0020,0x0000,0xBBAB,0xE44D,0xE44D,0xCBEC,0x4964,0x0000,
  0x0840,0x0000,0xA32A,0xEC8E,0xDC4D,0xDC2D,0x51A5,0x0000,0x0000,0x0000,0x0000,0x0000,0x0000,0x0000,0x0000,0x0000,
  0x0000,0x0000,0x0000,0x0000,0x0000,0x0000,0x0000,0x0000,0x0000,0x51A5,0xDC2D,0xDC4D,0xEC8E,0xA32A,0x0000,0x0820,
  0x0000,0x4144,0xCBEC,0xE44D,0xE44D,0xBB8B,0x0000,0x0000,0x0000,0x30E3,0xC3CC,0xE44D,0xDC2D,0xDC4D,0xDC4D,0xDC4D,
  0xDC4D,0xDC4D,0xDC4D,0xDC2D,0xE44D,0xC3CC,0x30E3,0x0000,0x0000,0x0000,0xBB8B,0xE44D,0xE44D,0xCBEC,0x4144,0x0000,
  0x0820,0x0000,0xA32A,0xEC8E,0xDC4D,0xDC2D,0x51A5,0x0000,0x0000,0x0000,0x0000,0x0000,0x0000,0x0000,0x0000,0x0000,
  0x0000,0x0000,0x0000,0x0000,0x0000,0x0000,0x0000,0x0000,0x0000,0x51A5,0xDC2D,0xDC4D,0xEC8E,0xA32A,0x0000,0x0020,
  0x0000,0x4144,0xD40C,0xE46E,0xE46E,0xC3AB,0x0000,0x0000,0x0000,0x30E2,0xC3CC,0xE44D,0xDC2D,0xDC4D,0xDC4D,0xDC4D,
  0xDC4D,0xDC4D,0xDC4D,0xDC2D,0xE44D,0xC3CC,0x30E2,0x0000,0x0000,0x0000,0xC3AB,0xE46E,0xE46E,0xD40C,0x4144,0x0000,
  0x0020,0x0000,0xA32A,0xEC8E,0xDC4D,0xDC2D,0x51A5,0x0000,0x0000,0x0000,0x0000,0x0000,0x0000,0x0000,0x0000,0x0000,
  0x0000,0x0000,0x0000,0x0000,0x0000,0x0000,0x0000,0x0000,0x0000,0x51A5,0xDC2D,0xDC4D,0xEC6E,0xB36B,0x28C2,0x4124,
  0x3103,0x61E6,0xA309,0xA32A,0xA32A,0x9AE9,0x3103,0x3923,0x30E3,0x59C5,0xCBEC,0xE44D,0xDC2D,0xDC4D,0xDC4D,0xDC4D,
  0xDC4D,0xDC4D,0xDC4D,0xDC2D,0xE44D,0xCBEC,0x59C5,0x30E3,0x3923,0x3103,0x9AE9,0xA32A,0xA32A,0xA309,0x61E6,0x3103,
  0x4124,0x28C2,0xB36B,0xEC6E,0xDC4D,0xDC2D,0x51A5,0x0000,0x0000,0x0000,0x0000,0x0000,0x0000,0x0000,0x0000,0x0000,
  0x0000,0x0000,0x0000,0x0000,0x0000,0x0000,0x0000,0x0000,0x0000,0x51A5,0xDC2D,0xE44D,0xDC4D,0xDC2D,0xD40D,0xD40D,
  0xDC4D,0x92E9,0x1061,0x0020,0x0020,0x20C2,0xDC2D,0xD40D,0xD40D,0xDC2D,0xDC4D,0xDC4D,0xDC4D,0xDC4D,0xDC4D,0xDC4D,
  0xDC4D,0xDC4D,0xDC4D,0xDC4D,0xDC4D,0xDC4D,0xDC2D,0xD40D,0xD40D,0xDC2D,0x20C2,0x0020,0x0020,0x1061,0x92E9,0xDC4D,
  0xD40D,0xD40D,0xDC2D,0xDC4D,0xE44D,0xDC2D,0x51A5,0x0000,0x0000,0x0000,0x0000,0x0000,0x0000,0x0000,0x0000,0x0000,
  0x0000,0x0000,0x0000,0x0000,0x0000,0x0000,0x0000,0x0000,0x0000,0x51A5,0xDC2D,0xE44D,0xDC4D,0xDC4D,0xE44D,0xDC2D,
  0xEC6E,0x92E9,0x0840,0x0000,0x0000,0x2081,0xE46E,0xDC4D,0xDC4D,0xDC4D,0xDC4D,0xDC4D,0xDC4D,0xDC4D,0xDC4D,0xDC4D,
  0xDC4D,0xDC4D,0xDC4D,0xDC4D,0xDC4D,0xDC4D,0xDC4D,0xDC4D,0xDC4D,0xE46E,0x2081,0x0000,0x0000,0x0840,0x92E9,0xEC6E,
  0xDC2D,0xE44D,0xDC4D,0xDC4D,0xE44D,0xDC2D,0x51A5,0x0000,0x0000,0x0000,0x0000,0x0000,0x0000,0x0000,0x0000,0x0000,
  0x0000,0x0000,0x0000,0x0000,0x0000,0x0000,0x0000,0x0000,0x0000,0x4985,0xDC2D,0xE44D,0xDC4D,0xE44D,0xEC8E,0xE46E,
  0xF4AF,0x9AE9,0x0000,0x0000,0x0000,0x1861,0xEC8E,0xEC6E,0xEC8E,0xE46E,0xDC4D,0xDC4D,0xDC4D,0xDC4D,0xDC4D,0xDC4D,
  0xDC4D,0xDC4D,0xDC4D,0xDC4D,0xDC4D,0xDC4D,0xE46E,0xEC8E,0xEC6E,0xEC8E,0x1861,0x0000,0x0000,0x0000,0x9AE9,0xF4AF,
  0xE46E,0xEC8E,0xE44D,0xDC4D,0xE44D,0xDC2D,0x4985,0x0000,0x0000,0x0000,0x0000,0x0000,0x0000,0x0000,0x0000,0x0000,
  0x0000,0x1061,0x28E2,0x28C2,0x28C2,0x28C2,0x28C2,0x28E2,0x28C2,0x61E6,0xDC2D,0xDC4D,0xE44D,0xD40D,0xAB4A,0xB36A,
  0xB38B,0x8AA8,0x3103,0x28C2,0x28C2,0x4123,0xB36B,0xB36B,0xAB4A,0xBB8B,0xDC2D,0xDC4D,0xDC4D,0xDC4D,0xDC4D,0xDC4D,
  0xDC4D,0xDC4D,0xDC4D,0xDC4D,0xDC4D,0xDC2D,0xBB8B,0xAB4A,0xB36B,0xB36B,0x4123,0x28C2,0x28C2,0x3103,0x8AA8,0xB38B,
  0xB36A,0xAB4A,0xD40D,0xE44D,0xDC4D,0xDC2D,0x61E6,0x28C2,0x28E2,0x28C2,0x28C2,0x28C2,0x28C2,0x28E2,0x1061,0x0000,
  0x0000,0x61E6,0xEC8E,0xDC4D,0xE44D,0xE44D,0xE44D,0xDC4D,0xE46D,0xAB4A,0xDC2D,0xDC2D,0xEC8E,0xA32A,0x0000,0x0820,
  0x0000,0x4964,0xD40C,0xE46D,0xE44D,0xC3AB,0x0000,0x0000,0x0000,0x30E3,0xCBCC,0xE44D,0xDC2D,0xDC4D,0xDC4D,0xDC4D,
  0xDC4D,0xDC4D,0xDC4D,0xDC2D,0xE44D,0xCBCC,0x30E3,0x0000,0x0000,0x0000,0xC3AB,0xE44D,0xE46D,0xD40C,0x4964,0x0000,
  0x0820,0x0000,0xA32A,0xEC8E,0xDC2D,0xDC2D,0xAB4A,0xE46D,0xDC4D,0xE44D,0xE44D,0xE44D,0xDC4D,0xEC8E,0x61E6,0x0000,
  0x0000,0x61C6,0xE46E,0xDC2D,0xDC2D,0xDC2D,0xDC2D,0xDC2D,0xDC2D,0xAB4A,0xDC2D,0xDC2D,0xEC8E,0xA32A,0x0820,0x0841,
  0x0020,0x4964,0xCBEC,0xDC4D,0xDC4D,0xBB8B,0x0020,0x0820,0x0020,0x3103,0xC3CC,0xE44D,0xDC2D,0xDC4D,0xDC4D,0xDC4D,
  0xDC4D,0xDC4D,0xDC4D,0xDC2D,0xE44D,0xC3CC,0x3103,0x0020,0x0820,0x0020,0xBB8B,0xDC4D,0xDC4D,0xCBEC,0x4964,0x0020,
  0x0841,0x0820,0xA32A,0xEC8E,0xDC2D,0xDC2D,0xAB4A,0xDC2D,0xDC2D,0xDC2D,0xDC2D,0xDC2D,0xDC2D,0xE46E,0x61C6,0x0000,
  0x0000,0x61E6,0xE46E,0xDC2D,0xDC2D,0xDC2D,0xDC2D,0xDC2D,0xE44D,0xAB4A,0xDC2D,0xDC2D,0xEC8E,0xA32A,0x0000,0x0000,
  0x0000,0x4144,0xCBEC,0xE44D,0xE44D,0xBB8B,0x0000,0x0000,0x0000,0x28C2,0xC3CC,0xE44D,0xDC2D,0xDC4D,0xDC4D,0xDC4D,
  0xDC4D,0xDC4D,0xDC4D,0xDC2D,0xE44D,0xC3CC,0x28C2,0x0000,0x0000,0x0000,0xBB8B,0xE44D,0xE44D,0xCBEC,0x4144,0x0000,
  0x0000,0x0000,0xA32A,0xEC8E,0xDC2D,0xDC2D,0xAB4A,0xE44D,0xDC2D,0xDC2D,0xDC2D,0xDC2D,0xDC2D,0xE46E,0x61E6,0x0000,
  0x0000,0x61E6,0xEC6E,0xDC2D,0xDC4D,0xDC4D,0xDC4D,0xDC2D,0xE44D,0xAB4A,0xDC2D,0xDC4D,0xEC6E,0xB36A,0x20C2,0x3103,
  0x28C2,0x61E6,0xD40C,0xE44D,0xE44D,0xC3CC,0x28E2,0x30E3,0x28C2,0x51A5,0xCBEC,0xE44D,0xDC2D,0xDC4D,0xDC4D,0xDC4D,
  0xDC4D,0xDC4D,0xDC4D,0xDC2D,0xE44D,0xCBEC,0x51A5,0x28C2,0x30E3,0x28E2,0xC3CC,0xE44D,0xE44D,0xD40C,0x61E6,0x28C2,
  0x3103,0x20C2,0xB36A,0xEC6E,0xDC4D,0xDC2D,0xAB4A,0xE44D,0xDC2D,0xDC4D,0xDC4D,0xDC4D,0xDC2D,0xEC6E,0x61E6,0x0000,
  0x0000,0x61E6,0xEC6E,0xDC2D,0xDC4D,0xDC4D,0xDC4D,0xDC2D,0xE44D,0xAB4A,0xDC2D,0xDC4D,0xE44D,0xD42D,0xBBAB,0xC3CC,
  0xC3AB,0xCBEC,0xDC2D,0xDC4D,0xDC4D,0xDC2D,0xC3AB,0xC3CC,0xC3AB,0xCBCC,0xDC2D,0xDC4D,0xDC4D,0xDC4D,0xDC4D,0xDC4D,
  0xDC4D,0xDC4D,0xDC4D,0xDC4D,0xDC4D,0xDC2D,0xCBCC,0xC3AB,0xC3CC,0xC3AB,0xDC2D,0xDC4D,0xDC4D,0xDC2D,0xCBEC,0xC3AB,
  0xC3CC,0xBBAB,0xD42D,0xE44D,0xDC4D,0xDC2D,0xAB4A,0xE44D,0xDC2D,0xDC4D,0xDC4D,0xDC4D,0xDC2D,0xEC6E,0x61E6,0x0000,
  0x0000,0x61E6,0xEC6E,0xDC2D,0xDC4D,0xDC4D,0xDC4D,0xDC2D,0xE44D,0xAB4A,0xDC2D,0xDC4D,0xDC4D,0xE44D,0xE46E,0xE46E,
  0xE46E,0xE44D,0xDC4D,0xDC4D,0xDC4D,0xDC4D,0xE46E,0xE46E,0xE46E,0xE44E,0xDC4D,0xDC4D,0xDC4D,0xDC4D,0xDC4D,0xDC4D,
  0xDC4D,0xDC4D,0xDC4D,0xDC4D,0xDC4D,0xDC4D,0xE44E,0xE46E,0xE46E,0xE46E,0xDC4D,0xDC4D,0xDC4D,0xDC4D,0xE44D,0xE46E,
  0xE46E,0xE46E,0xE44D,0xDC4D,0xDC4D,0xDC2D,0xAB4A,0xE44D,0xDC2D,0xDC4D,0xDC4D,0xDC4D,0xDC2D,0xEC6E,0x61E6,0x0000,
  0x0000,0x61E6,0xEC8E,0xDC4D,0xE44D,0xE44D,0xE44D,0xE44D,0xE46E,0xAB4A,0xDC2D,0xDC4D,0xDC4D,0xDC4D,0xDC2D,0xDC2D,
  0xDC2D,0xDC2D,0xDC4D,0xDC4D,0xDC4D,0xDC4D,0xDC2D,0xDC2D,0xDC2D,0xDC2D,0xDC4D,0xDC4D,0xDC4D,0xDC4D,0xDC4D,0xDC4D,
  0xDC4D,0xDC4D,0xDC4D,0xDC4D,0xDC4D,0xDC4D,0xDC2D,0xDC2D,0xDC2D,0xDC2D,0xDC4D,0xDC4D,0xDC4D,0xDC4D,0xDC2D,0xDC2D,
  0xDC2D,0xDC2D,0xDC4D,0xDC4D,0xDC4D,0xDC2D,0xAB4A,0xE46E,0xE44D,0xE44D,0xE44D,0xE44D,0xDC4D,0xEC8E,0x61E6,0x0000,
  0x0000,0x59C5,0xE44D,0xD40D,0xD42D,0xD42D,0xD42D,0xD40D,0xDC2D,0xAB4A,0xDC2D,0xDC4D,0xDC4D,0xDC4D,0xDC4D,0xDC4D,
  0xDC4D,0xDC4D,0xDC4D,0xDC4D,0xDC4D,0xDC4D,0xDC4D,0xDC4D,0xDC4D,0xDC4D,0xDC4D,0xDC4D,0xDC4D,0xDC4D,0xDC4D,0xDC4D,
  0xDC4D,0xDC4D,0xDC4D,0xDC4D,0xDC4D,0xDC4D,0xDC4D,0xDC4D,0xDC4D,0xDC4D,0xDC4D,0xDC4D,0xDC4D,0xDC4D,0xDC4D,0xDC4D,
  0xDC4D,0xDC4D,0xDC4D,0xDC4D,0xDC4D,0xDC2D,0xAB4A,0xDC2D,0xD40D,0xD42D,0xD42D,0xD42D,0xD40D,0xE44D,0x59C5,0x0000,
  0x0000,0x0000,0x0000,0x0000,0x0000,0x0000,0x0000,0x0000,0x0000,0x51A5,0xDC2D,0xE44D,0xDC4D,0xDC4D,0xDC4D,0xDC4D,
  0xDC4D,0xDC4D,0xDC4D,0xDC4D,0xDC4D,0xDC4D,0xDC4D,0xDC4D,0xDC4D,0xDC4D,0xDC4D,0xDC4D,0xDC4D,0xDC4D,0xDC4D,0xDC4D,
  0xDC4D,0xDC4D,0xDC4D,0xDC4D,0xDC4D,0xDC4D,0xDC4D,0xDC4D,0xDC4D,0xDC4D,0xDC4D,0xDC4D,0xDC4D,0xDC4D,0xDC4D,0xDC4D,
  0xDC4D,0xDC4D,0xDC4D,0xDC4D,0xE44D,0xDC2D,0x51A5,0x0000,0x0000,0x0000,0x0000,0x0000,0x0000,0x0000,0x0000,0x0000,
  0x0000,0x0000,0x0000,0x0000,0x0000,0x0000,0x0000,0x0000,0x0000,0x51A5,0xDC2D,0xE44D,0xDC4D,0xDC4D,0xDC4D,0xDC4D,
  0xDC4D,0xDC4D,0xDC4D,0xDC4D,0xDC4D,0xDC4D,0xDC4D,0xDC4D,0xDC4D,0xDC4D,0xDC4D,0xDC4D,0xDC4D,0xDC4D,0xDC4D,0xDC4D,
  0xDC4D,0xDC4D,0xDC4D,0xDC4D,0xDC4D,0xDC4D,0xDC4D,0xDC4D,0xDC4D,0xDC4D,0xDC4D,0xDC4D,0xDC4D,0xDC4D,0xDC4D,0xDC4D,
  0xDC4D,0xDC4D,0xDC4D,0xDC4D,0xE44D,0xDC2D,0x51A5,0x0000,0x0000,0x0000,0x0000,0x0000,0x0000,0x0000,0x0000,0x0000,
  0x0000,0x0000,0x0000,0x0000,0x0000,0x0000,0x0000,0x0000,0x0000,0x51A5,0xDC2D,0xE44D,0xDC4D,0xDC4D,0xDC4D,0xDC4D,
  0xDC4D,0xDC4D,0xDC4D,0xDC4D,0xDC4D,0xDC4D,0xDC4D,0xDC4D,0xDC4D,0xDC4D,0xDC4D,0xDC4D,0xDC4D,0xDC4D,0xDC4D,0xDC4D,
  0xDC4D,0xDC4D,0xDC4D,0xDC4D,0xDC4D,0xDC4D,0xDC4D,0xDC4D,0xDC4D,0xDC4D,0xDC4D,0xDC4D,0xDC4D,0xDC4D,0xDC4D,0xDC4D,
  0xDC4D,0xDC4D,0xDC4D,0xDC4D,0xE44D,0xDC2D,0x51A5,0x0000,0x0000,0x0000,0x0000,0x0000,0x0000,0x0000,0x0000,0x0000,
  0x0000,0x0000,0x0000,0x0000,0x0000,0x0000,0x0000,0x0000,0x0000,0x51A5,0xDC2D,0xE44D,0xDC4D,0xDC4D,0xDC4D,0xDC4D,
  0xDC4D,0xDC4D,0xDC4D,0xDC4D,0xDC4D,0xDC4D,0xDC4D,0xDC4D,0xDC4D,0xDC4D,0xDC4D,0xDC4D,0xDC4D,0xDC4D,0xDC4D,0xDC4D,
  0xDC4D,0xDC4D,0xDC4D,0xDC4D,0xDC4D,0xDC4D,0xDC4D,0xDC4D,0xDC4D,0xDC4D,0xDC4D,0xDC4D,0xDC4D,0xDC4D,0xDC4D,0xDC4D,
  0xDC4D,0xDC4D,0xDC4D,0xDC4D,0xE44D,0xDC2D,0x51A5,0x0000,0x0000,0x0000,0x0000,0x0000,0x0000,0x0000,0x0000,0x0000,
  0x0000,0x0000,0x0000,0x0000,0x0000,0x0000,0x0000,0x0000,0x0000,0x51A5,0xDC2D,0xE44D,0xDC4D,0xDC4D,0xDC4D,0xDC4D,
  0xDC4D,0xDC4D,0xDC4D,0xDC4D,0xDC4D,0xDC4D,0xDC4D,0xDC4D,0xDC4D,0xDC4D,0xDC4D,0xDC4D,0xDC4D,0xDC4D,0xDC4D,0xDC4D,
  0xDC4D,0xDC4D,0xDC4D,0xDC4D,0xDC4D,0xDC4D,0xDC4D,0xDC4D,0xDC4D,0xDC4D,0xDC4D,0xDC4D,0xDC4D,0xDC4D,0xDC4D,0xDC4D,
  0xDC4D,0xDC4D,0xDC4D,0xDC4D,0xE44D,0xDC2D,0x51A5,0x0000,0x0000,0x0000,0x0000,0x0000,0x0000,0x0000,0x0000,0x0000,
  0x0000,0x0000,0x0000,0x0000,0x0000,0x0000,0x0000,0x0000,0x0000,0x51A5,0xDC2D,0xDC4D,0xDC2D,0xDC2D,0xDC2D,0xDC2D,
  0xDC2D,0xDC2D,0xDC2D,0xDC2D,0xDC2D,0xDC2D,0xDC2D,0xDC2D,0xDC2D,0xDC2D,0xDC2D,0xDC2D,0xDC2D,0xDC2D,0xDC2D,0xDC2D,
  0xDC2D,0xDC2D,0xDC2D,0xDC2D,0xDC2D,0xDC2D,0xDC2D,0xDC2D,0xDC2D,0xDC2D,0xDC2D,0xDC2D,0xDC2D,0xDC2D,0xDC2D,0xDC2D,
  0xDC2D,0xDC2D,0xDC2D,0xDC2D,0xDC4D,0xDC2D,0x51A5,0x0000,0x0000,0x0000,0x0000,0x0000,0x0000,0x0000,0x0000,0x0000,
  0x0000,0x0000,0x0000,0x0000,0x0000,0x0000,0x0000,0x0000,0x0000,0x51A5,0xDC2D,0xDC2D,0xDC2D,0xDC2D,0xE44D,0xE44D,
  0xE44D,0xDC4D,0xDC2D,0xDC2D,0xDC2D,0xDC2D,0xE44D,0xE44D,0xE44D,0xE44D,0xDC2D,0xDC2D,0xDC2D,0xDC2D,0xDC2D,0xDC2D,
  0xDC2D,0xDC2D,0xDC2D,0xDC2D,0xDC2D,0xDC2D,0xE44D,0xE44D,0xE44D,0xE44D,0xDC2D,0xDC2D,0xDC2D,0xDC2D,0xDC4D,0xE44D,
  0xE44D,0xE44D,0xDC2D,0xDC2D,0xDC2D,0xDC2D,0x51A5,0x0000,0x0000,0x0000,0x0000,0x0000,0x0000,0x0000,0x0000,0x0000,
  0x0000,0x0000,0x0000,0x0000,0x0000,0x0000,0x0000,0x0000,0x0000,0x5185,0xDC2D,0xDC4D,0xDC2D,0xDC2D,0xCBEC,0xCBEC,
  0xCBEC,0xD40C,0xDC2D,0xDC2D,0xDC2D,0xDC2D,0xCBEC,0xCBEC,0xCBEC,0xCC0C,0xDC2D,0xDC2D,0xDC2D,0xDC2D,0xDC2D,0xDC2D,
  0xDC2D,0xDC2D,0xDC2D,0xDC2D,0xDC2D,0xDC2D,0xCC0C,0xCBEC,0xCBEC,0xCBEC,0xDC2D,0xDC2D,0xDC2D,0xDC2D,0xD40C,0xCBEC,
  0xCBEC,0xCBEC,0xDC2D,0xDC2D,0xDC4D,0xDC2D,0x5185,0x0000,0x0000,0x0000,0x0000,0x0000,0x0000,0x0000,0x0000,0x0000,
  0x0000,0x0000,0x0000,0x0000,0x0000,0x0000,0x0000,0x0000,0x0000,0x0840,0x20A2,0x20A2,0x20A2,0x5184,0xEC8E,0xD40C,
  0xE44D,0x9B09,0x28E2,0x20A2,0x20A2,0x3923,0xDC4D,0xD40D,0xE44D,0xAB6A,0x3103,0x20A2,0x20A2,0x20A2,0x20A2,0x20A2,
  0x20A2,0x20A2,0x20A2,0x20A2,0x20A2,0x3103,0xAB6A,0xE44D,0xD40D,0xDC4D,0x3923,0x20A2,0x20A2,0x28E2,0x9B09,0xE44D,
  0xD40C,0xEC8E,0x5184,0x20A2,0x20A2,0x20A2,0x0840,0x0000,0x0000,0x0000,0x0000,0x0000,0x0000,0x0000,0x0000,0x0000,
  0x0000,0x0000,0x0000,0x0000,0x0000,0x0000,0x0000,0x0000,0x0000,0x0000,0x0000,0x0000,0x0000,0x30E3,0xF4AF,0xD40D,
  0xEC6E,0x92E9,0x0020,0x0000,0x0000,0x1881,0xE46E,0xDC2D,0xEC8E,0xAB4A,0x0840,0x0000,0x0000,0x0000,0x0000,0x0000,
  0x0000,0x0000,0x0000,0x0000,0x0000,0x0840,0xAB4A,0xEC8E,0xDC2D,0xE46E,0x1881,0x0000,0x0000,0x0020,0x92E9,0xEC6E,
  0xD40D,0xF4AF,0x30E3,0x0000,0x0000,0x0000,0x0000,0x0000,0x0000,0x0000,0x0000,0x0000,0x0000,0x0000,0x0000,0x0000,
  0x0000,0x0000,0x0000,0x0000,0x0000,0x0000,0x0000,0x0000,0x0000,0x0000,0x0000,0x0000,0x0000,0x3923,0xF4AF,0xD40C,
  0xEC6E,0x9AE9,0x1041,0x0000,0x0000,0x20A2,0xE44D,0xDC2D,0xEC6E,0xAB4A,0x1861,0x0000,0x0000,0x0000,0x0000,0x0000,
  0x0000,0x0000,0x0000,0x0000,0x0000,0x1861,0xAB4A,0xEC6E,0xDC2D,0xE44D,0x20A2,0x0000,0x0000,0x1041,0x9AE9,0xEC6E,
  0xD40C,0xF4AF,0x3923,0x0000,0x0000,0x0000,0x0000,0x0000,0x0000,0x0000,0x0000,0x0000,0x0000,0x0000,0x0000,0x0000,
  0x0000,0x0000,0x0000,0x0000,0x0000,0x0000,0x0000,0x0000,0x0000,0x0000,0x0000,0x0000,0x0000,0x3903,0xF4AF,0xD40C,
  0xEC6E,0x9AE9,0x0841,0x0000,0x0000,0x20A2,0xE44D,0xDC2D,0xEC6E,0xAB4A,0x1061,0x0000,0x0000,0x0000,0x0000,0x0000,
  0x0000,0x0000,0x0000,0x0000,0x0000,0x1061,0xAB4A,0xEC6E,0xDC2D,0xE44D,0x20A2,0x0000,0x0000,0x0841,0x9AE9,0xEC6E,
  0xD40C,0xF4AF,0x3903,0x0000,0x0000,0x0000,0x0000,0x0000,0x0000,0x0000,0x0000,0x0000,0x0000,0x0000,0x0000,0x0000,
  0x0000,0x0000,0x0000,0x0000,0x0000,0x0000,0x0000,0x0000,0x0000,0x0000,0x0000,0x0000,0x0000,0x3903,0xF4AF,0xD40C,
  0xEC6E,0x9AE9,0x0841,0x0000,0x0000,0x20A2,0xE44D,0xDC2D,0xEC6E,0xAB4A,0x1061,0x0000,0x0000,0x0000,0x0000,0x0000,
  0x0000,0x0000,0x0000,0x0000,0x0000,0x1061,0xAB4A,0xEC6E,0xDC2D,0xE44D,0x20A2,0x0000,0x0000,0x0841,0x9AE9,0xEC6E,
  0xD40C,0xF4AF,0x3903,0x0000,0x0000,0x0000,0x0000,0x0000,0x0000,0x0000,0x0000,0x0000,0x0000,0x0000,0x0000,0x0000,
  0x0000,0x0000,0x0000,0x0000,0x0000,0x0000,0x0000,0x0000,0x0000,0x0000,0x0000,0x0000,0x0000,0x3903,0xF48E,0xD40C,
  0xE46E,0x92C9,0x0841,0x0000,0x0000,0x20A2,0xE44D,0xDC2D,0xE46E,0xAB4A,0x1061,0x0000,0x0000,0x0000,0x0000,0x0000,
  0x0000,0x0000,0x0000,0x0000,0x0000,0x1061,0xAB4A,0xE46E,0xDC2D,0xE44D,0x20A2,0x0000,0x0000,0x0841,0x92C9,0xE46E,
  0xD40C,0xF48E,0x3903,0x0000,0x0000,0x0000,0x0000,0x0000,0x0000,0x0000,0x0000,0x0000,0x0000,0x0000,0x0000,0x0000,
  0x0000,0x0000,0x0000,0x0000,0x0000,0x0000,0x0000,0x0000,0x0000,0x0000,0x0000,0x0000,0x0000,0x3903,0xF4AF,0xD40D,
  0xEC6E,0x92E9,0x0841,0x0000,0x0000,0x20A2,0xE44D,0xDC2D,0xEC6E,0xAB4A,0x1061,0x0000,0x0000,0x0000,0x0000,0x0000,
  0x0000,0x0000,0x0000,0x0000,0x0000,0x1061,0xAB4A,0xEC6E,0xDC2D,0xE44D,0x20A2,0x0000,0x0000,0x0841,0x92E9,0xEC6E,
  0xD40D,0xF4AF,0x3903,0x0000,0x0000,0x0000,0x0000,0x0000,0x0000,0x0000,0x0000,0x0000,0x0000,0x0000,0x0000,0x0000,
  0x0000,0x0000,0x0000,0x0000,0x0000,0x0000,0x0000,0x0000,0x0000,0x0000,0x0000,0x0000,0x0000,0x3903,0xEC8E,0xCBEC,
  0xE44D,0x92C9,0x0841,0x0000,0x0000,0x20A2,0xDC2D,0xD40D,0xE44E,0xAB2A,0x1061,0x0000,0x0000,0x0000,0x0000,0x0000,
  0x0000,0x0000,0x0000,0x0000,0x0000,0x1061,0xAB2A,0xE44E,0xD40D,0xDC2D,0x20A2,0x0000,0x0000,0x0841,0x92C9,0xE44D,
  0xCBEC,0xEC8E,0x3903,0x0000,0x0000,0x0000,0x0000,0x0000,0x0000,0x0000,0x0000,0x0000,0x0000,0x0000,0x0000,0x0000,
  0x0000,0x0000,0x0000,0x0000,0x0000,0x0000,0x0000,0x0000,0x0000,0x0000,0x0000,0x0000,0x0000,0x1041,0x4964,0x4123,
  0x4144,0x28E2,0x0000,0x0000,0x0000,0x0820,0x4144,0x4144,0x4144,0x3103,0x0020,0x0000,0x0000,0x0000,0x0000,0x0000,
  0x0000,0x0000,0x0000,0x0000,0x0000,0x0020,0x3103,0x4144,0x4144,0x4144,0x0820,0x0000,0x0000,0x0000,0x28E2,0x4144,
  0x4123,0x4964,0x1041,0x0000,0x0000,0x0000,0x0000,0x0000,0x0000,0x0000,0x0000,0x0000,0x0000,0x0000,0x0000,0x0000,
  0x0000,0x0000,0x0000,0x0000,0x0000,0x0000,0x0000,0x0000,0x0000,0x0000,0x0000,0x0000,0x0000,0x0000,0x0000,0x0000,
  0x0000,0x0000,0x0000,0x0000,0x0000,0x0000,0x0000,0x0000,0x0000,0x0000,0x0000,0x0000,0x0000,0x0000,0x0000,0x0000,
  0x0000,0x0000,0x0000,0x0000,0x0000,0x0000,0x0000,0x0000,0x0000,0x0000,0x0000,0x0000,0x0000,0x0000,0x0000,0x0000,
  0x0000,0x0000,0x0000,0x0000,0x0000,0x0000,0x0000,0x0000,0x0000,0x0000,0x0000,0x0000,0x0000,0x0000,0x0000,0x0000,
  0x0000,0x0000,0x0000,0x0000,0x0000,0x0000,0x0000,0x0000,0x0000,0x0000,0x0000,0x0000,0x0000,0x0000,0x0000,0x0000,
  0x0000,0x0000,0x0000,0x0000,0x0000,0x0000,0x0000,0x0000,0x0000,0x0000,0x0000,0x0000,0x0000,0x0000,0x0000,0x0000,
  0x0000,0x0000,0x0000,0x0000,0x0000,0x0000,0x0000,0x0000,0x0000,0x0000,0x0000,0x0000,0x0000,0x0000,0x0000,0x0000,
  0x0000,0x0000,0x0000,0x0000,0x0000,0x0000,0x0000,0x0000,0x0000,0x0000,0x0000,0x0000,0x0000,0x0000,0x0000,0x0000,
  0x0000,0x0000,0x0000,0x0000,0x0000,0x0000,0x0000,0x0000,0x0000,0x0000,0x0000,0x0000,0x0000,0x0000,0x0000,0x0000,
  0x0000,0x0000,0x0000,0x0000,0x0000,0x0000,0x0000,0x0000,0x0000,0x0000,0x0000,0x0000,0x0000,0x0000,0x0000,0x0000,
  0x0000,0x0000,0x0000,0x0000,0x0000,0x0000,0x0000,0x0000,0x0000,0x0000,0x0000,0x0000,0x0000,0x0000,0x0000,0x0000,
  0x0000,0x0000,0x0000,0x0000,0x0000,0x0000,0x0000,0x0000,0x0000,0x0000,0x0000,0x0000,0x0000,0x0000,0x0000,0x0000,
  0x0000,0x0000,0x0000,0x0000,0x0000,0x0000,0x0000,0x0000,0x0000,0x0000,0x0000,0x0000,0x0000,0x0000,0x0000,0x0000,
  0x0000,0x0000,0x0000,0x0000,0x0000,0x0000,0x0000,0x0000,0x0000,0x0000,0x0000,0x0000,0x0000,0x0000,0x0000,0x0000,
  0x0000,0x0000,0x0000,0x0000,0x0000,0x0000,0x0000,0x0000,0x0000,0x0000,0x0000,0x0000,0x0000,0x0000,0x0000,0x0000,
  0x0000,0x0000,0x0000,0x0000,0x0000,0x0000,0x0000,0x0000,0x0000,0x0000,0x0000,0x0000,0x0000,0x0000,0x0000,0x0000,
};

const uint16_t sprite_DISCONNECTED[64*64] PROGMEM = {
  0x0000,0x0000,0x0000,0x0000,0x0000,0x0000,0x0000,0x0000,0x0000,0x0000,0x0000,0x0000,0x0000,0x0000,0x0000,0x0000,
  0x0000,0x0000,0x0000,0x0000,0x0000,0x0000,0x0000,0x0000,0x0000,0x0000,0x0000,0x0000,0x0000,0x0000,0x0000,0x0000,
  0x0000,0x0000,0x0000,0x0000,0x0000,0x0000,0x0000,0x0000,0x0000,0x0000,0x0000,0x0000,0x0000,0x0000,0x0000,0x0000,
  0x0000,0x0000,0x0000,0x0000,0x0000,0x0000,0x0000,0x0000,0x0000,0x0000,0x0000,0x0000,0x0000,0x0000,0x0000,0x0000,
  0x0000,0x0000,0x0000,0x0000,0x0000,0x0000,0x0000,0x0000,0x0000,0x0000,0x0000,0x0000,0x0000,0x0000,0x0000,0x0000,
  0x0000,0x0000,0x0000,0x0000,0x0000,0x0000,0x0000,0x0000,0x0000,0x0000,0x0000,0x0000,0x0000,0x0000,0x0000,0x0000,
  0x0000,0x0000,0x0000,0x0000,0x0000,0x0000,0x0000,0x0000,0x0000,0x0000,0x0000,0x0000,0x0000,0x0000,0x0000,0x0000,
  0x0000,0x0000,0x0000,0x0000,0x0000,0x0000,0x0000,0x0000,0x0000,0x0000,0x0000,0x0000,0x0000,0x0000,0x0000,0x0000,
  0x0000,0x0000,0x0000,0x0000,0x0000,0x0000,0x0000,0x0000,0x0000,0x0000,0x0000,0x0000,0x0000,0x0000,0x0000,0x0000,
  0x0000,0x0000,0x0000,0x0000,0x0000,0x0000,0x0000,0x0000,0x0000,0x0000,0x0000,0x0000,0x0000,0x0000,0x0000,0x0000,
  0x0000,0x0000,0x0000,0x0000,0x0000,0x0000,0x0000,0x0000,0x0000,0x0000,0x0000,0x0000,0x0000,0x0000,0x0000,0x0000,
  0x0000,0x0000,0x0000,0x0000,0x0000,0x0000,0x0000,0x0000,0x0000,0x0000,0x0000,0x0000,0x0000,0x0000,0x0000,0x0000,
  0x0000,0x0000,0x0000,0x0000,0x0000,0x0000,0x0000,0x0000,0x0000,0x0000,0x0000,0x0000,0x0000,0x0000,0x0000,0x0000,
  0x0000,0x0000,0x0000,0x0000,0x0000,0x0000,0x0000,0x0000,0x0000,0x0000,0x0000,0x0000,0x0000,0x0000,0x0000,0x0000,
  0x0000,0x0000,0x0000,0x0000,0x0000,0x0000,0x0000,0x0000,0x0000,0x0000,0x0000,0x0000,0x0000,0x0000,0x0000,0x0000,
  0x0000,0x0000,0x0000,0x0000,0x0000,0x0000,0x0000,0x0000,0x0000,0x0000,0x0000,0x0000,0x0000,0x0000,0x0000,0x0000,
  0x0000,0x0000,0x0000,0x0000,0x0000,0x0000,0x0000,0x0000,0x0000,0x0000,0x0000,0x0000,0x0000,0x0000,0x0000,0x0000,
  0x0000,0x0000,0x0000,0x0000,0x0000,0x0000,0x0000,0x0000,0x0000,0x0000,0x0000,0x0000,0x0000,0x0000,0x0000,0x0000,
  0x0000,0x0000,0x0000,0x0000,0x0000,0x0000,0x0000,0x0000,0x0000,0x0000,0x0000,0x0000,0x0000,0x0000,0x0000,0x0000,
  0x0000,0x0000,0x0000,0x0000,0x0000,0x0000,0x0000,0x0000,0x0000,0x0000,0x0000,0x0000,0x0000,0x0000,0x0000,0x0000,
  0x0000,0x0000,0x0000,0x0000,0x0000,0x0000,0x0000,0x0000,0x0000,0x0000,0x0000,0x0000,0x0000,0x0000,0x0000,0x0000,
  0x0000,0x0000,0x0000,0x0000,0x0000,0x0000,0x0000,0x0000,0x0000,0x0000,0x0000,0x0000,0x0000,0x0000,0x0000,0x0000,
  0x0000,0x0000,0x0000,0x0000,0x0000,0x0000,0x0000,0x0000,0x0000,0x0000,0x0000,0x0000,0x0000,0x0000,0x0000,0x0000,
  0x0000,0x0000,0x0000,0x0000,0x0000,0x0000,0x0000,0x0000,0x0000,0x0000,0x0000,0x0000,0x0000,0x0000,0x0000,0x0000,
  0x0000,0x0000,0x0000,0x0000,0x0000,0x0000,0x0000,0x0000,0x0000,0x0000,0x0000,0x0062,0x00A5,0x00E7,0x00E7,0x00E6,
  0x00A5,0x0042,0x0000,0x0000,0x0000,0x0000,0x0000,0x0000,0x0000,0x0000,0x0000,0x0000,0x0000,0x0000,0x0000,0x0000,
  0x0000,0x0000,0x0000,0x0000,0x0000,0x0000,0x0000,0x0000,0x0000,0x0000,0x0000,0x0000,0x0000,0x0000,0x0000,0x0000,
  0x0000,0x0000,0x0000,0x0000,0x0000,0x0000,0x0000,0x0000,0x0000,0x0000,0x0000,0x0000,0x0000,0x0000,0x0000,0x0000,
  0x0000,0x0000,0x0000,0x0000,0x0000,0x0000,0x0000,0x0000,0x0021,0x00C6,0x016A,0x01AC,0x01AD,0x01CD,0x01CD,0x01CD,
  0x01AD,0x01AC,0x014A,0x00A5,0x0000,0x0000,0x0000,0x0000,0x0000,0x0000,0x0000,0x0000,0x0000,0x0000,0x0000,0x0000,
  0x0000,0x0000,0x0000,0x0000,0x0000,0x0000,0x0000,0x0000,0x0000,0x0000,0x0000,0x0000,0x0000,0x0000,0x0000,0x0000,
  0x0000,0x0000,0x0000,0x0000,0x0000,0x0000,0x0000,0x0000,0x0000,0x0000,0x0000,0x0000,0x0000,0x0000,0x0000,0x0000,
  0x0000,0x0000,0x0000,0x0000,0x0000,0x0000,0x0000,0x00A5,0x018B,0x01CD,0x01AD,0x01AC,0x018C,0x018C,0x01AC,0x018C,
  0x018C,0x01AC,0x01AD,0x01CD,0x016A,0x0063,0x0000,0x0000,0x0000,0x0000,0x0000,0x0000,0x0000,0x0000,0x0000,0x0000,
  0x0000,0x0000,0x0000,0x0000,0x0000,0x0000,0x0000,0x0000,0x0000,0x0000,0x0000,0x0000,0x0000,0x0000,0x0000,0x0000,
  0x0000,0x0000,0x0000,0x0000,0x0000,0x0000,0x0000,0x0000,0x0000,0x0000,0x0000,0x0000,0x0000,0x0000,0x0000,0x0000,
  0x0000,0x0000,0x0000,0x0000,0x0000,0x0000,0x0107,0x01AD,0x01AC,0x018C,0x01AC,0x01AC,0x01AC,0x01AC,0x016C,0x01AC,
  0x01AC,0x01AC,0x01AC,0x018C,0x01AD,0x01AD,0x00C5,0x0000,0x0000,0x0000,0x0000,0x0000,0x0000,0x0000,0x0000,0x0000,
  0x0000,0x0000,0x0000,0x0000,0x0000,0x0000,0x0000,0x0000,0x0000,0x0000,0x0000,0x0000,0x0000,0x0000,0x0000,0x0000,
  0x0000,0x0000,0x0000,0x0000,0x0000,0x0000,0x0000,0x0000,0x0000,0x0000,0x0000,0x0000,0x0000,0x0000,0x0000,0x0000,
  0x0000,0x0000,0x0000,0x0000,0x0000,0x0128,0x01CD,0x018C,0x01AC,0x01AC,0x01AC,0x01AC,0x01AC,0x01AC,0x1A4E,0x016C,
  0x01AC,0x01AC,0x01AC,0x01AC,0x018C,0x01AC,0x01CD,0x00C6,0x0000,0x0000,0x0000,0x0000,0x0000,0x0000,0x0000,0x0000,
  0x0000,0x0000,0x0000,0x0000,0x0000,0x0000,0x0000,0x0000,0x0000,0x0000,0x0000,0x0000,0x0000,0x0000,0x0000,0x0000,
  0x0000,0x0000,0x0000,0x0000,0x0000,0x0000,0x0000,0x0000,0x0000,0x0000,0x0000,0x0000,0x0000,0x0000,0x0000,0x0000,
  0x0000,0x0000,0x0000,0x0000,0x00E7,0x01CD,0x018C,0x01AC,0x01AC,0x01AC,0x01AC,0x01AC,0x012A,0x7CB5,0xEF9E,0x5BF3,
  0x012A,0x01AC,0x01AC,0x01AC,0x01AC,0x01AC,0x018C,0x01CD,0x00A5,0x0000,0x0000,0x0000,0x0000,0x0000,0x0000,0x0000,
  0x0000,0x0000,0x0000,0x0000,0x0000,0x0000,0x0000,0x0000,0x0000,0x0000,0x0000,0x0000,0x0000,0x0000,0x0000,0x0000,
  0x0000,0x0000,0x0000,0x0000,0x0000,0x0000,0x0000,0x0000,0x0000,0x0000,0x0000,0x0000,0x0000,0x0000,0x0000,0x0000,
  0x0000,0x0000,0x0000,0x00A4,0x01AD,0x018C,0x01AC,0x01AC,0x01AC,0x018C,0x016B,0x01EE,0x0253,0xCEFE,0xFFFF,0xF7DF,
  0x3B73,0x018D,0x018B,0x01AC,0x01AC,0x01AC,0x01AC,0x01AC,0x01AC,0x0062,0x0000,0x0000,0x0000,0x0000,0x0000,0x0000,
  0x0000,0x0000,0x0000,0x0000,0x0000,0x0000,0x0000,0x0000,0x0000,0x0000,0x0000,0x0000,0x0000,0x0000,0x0000,0x0000,
  0x0000,0x0000,0x0000,0x0000,0x0000,0x0000,0x0000,0x0000,0x0000,0x0000,0x0000,0x0000,0x0000,0x0000,0x0000,0x0000,
  0x0000,0x0000,0x0021,0x018C,0x01AC,0x01AC,0x01AC,0x01AC,0x018B,0x01AD,0x02F7,0x03FE,0x041F,0xCF3F,0xFFFF,0xFFFF,
  0xE7BF,0x143D,0x0294,0x01AC,0x018C,0x01AC,0x01AC,0x018C,0x01AD,0x014A,0x0000,0x0000,0x0000,0x0000,0x0000,0x0000,
  0x0000,0x0000,0x0000,0x0000,0x0000,0x0000,0x0000,0x0000,0x0000,0x0000,0x0000,0x0000,0x0000,0x0000,0x0000,0x0000,
  0x0000,0x0000,0x0000,0x0000,0x0000,0x0000,0x0000,0x0000,0x0000,0x0000,0x0000,0x0000,0x0000,0x0000,0x0000,0x0000,
  0x0000,0x0000,0x0107,0x01AD,0x018C,0x01AC,0x01AC,0x018B,0x020F,0x03BC,0x045F,0x043F,0x03FF,0xCF3F,0xFFFF,0xFFDF,
  0xFFFF,0xBF1F,0x043F,0x037A,0x01CD,0x018C,0x01AC,0x01AC,0x018C,0x01CD,0x00A5,0x0000,0x0000,0x0000,0x0000,0x0000,
  0x0000,0x0000,0x0000,0x0000,0x0000,0x0000,0x0000,0x0000,0x0000,0x0000,0x0000,0x0000,0x0000,0x0000,0x0000,0x0000,
  0x0000,0x0000,0x0000,0x0000,0x0000,0x0000,0x0000,0x0000,0x0000,0x0000,0x0000,0x0000,0x0000,0x0000,0x0000,0x0000,
  0x0000,0x0041,0x018C,0x01AC,0x01AC,0x01AC,0x018C,0x01EE,0x03DD,0x041F,0x041F,0x041F,0x03FF,0xCF3F,0xFFFF,0xFFFF,
  0xFFFF,0xFFFF,0x965F,0x041F,0x039B,0x01AC,0x018C,0x01AC,0x01AC,0x01AD,0x016A,0x0000,0x0000,0x0000,0x0000,0x0000,
  0x0000,0x0000,0x0000,0x0000,0x0000,0x0000,0x0000,0x0000,0x0000,0x0000,0x0000,0x0000,0x0000,0x0000,0x0000,0x0000,
  0x0000,0x0000,0x0000,0x0000,0x0000,0x0000,0x0000,0x0000,0x0000,0x0000,0x0000,0x0000,0x0000,0x0000,0x0000,0x0000,
  0x0000,0x00C6,0x01CD,0x018C,0x01AC,0x01AC,0x01AC,0x039B,0x043F,0x1C7F,0x041F,0x041F,0x03FF,0xCF1F,0xFFFF,0xB6DF,
  0xD75F,0xFFFF,0xFFFF,0x659F,0x041F,0x0338,0x018B,0x01AC,0x01AC,0x018C,0x01AD,0x0084,0x0000,0x0000,0x0000,0x0000,
  0x0000,0x0000,0x0000,0x0000,0x0000,0x0000,0x0000,0x0000,0x0000,0x0000,0x0000,0x0000,0x0000,0x0000,0x0000,0x0000,
  0x0000,0x0000,0x0000,0x0000,0x0000,0x0000,0x0000,0x0000,0x0000,0x0000,0x0000,0x0000,0x0000,0x0000,0x0000,0x0000,
  0x0000,0x016A,0x01AD,0x01AC,0x01AC,0x016B,0x02D5,0x041F,0x4D3F,0xEFBF,0x8E3F,0x03FF,0x03FF,0xC71F,0xFFFF,0x8E3F,
  0x34DF,0xF7BF,0xFFFF,0xF7DF,0x2CBF,0x041F,0x0251,0x018B,0x01AC,0x018C,0x01AD,0x0108,0x0000,0x0000,0x0000,0x0000,
  0x0000,0x0000,0x0000,0x0000,0x0000,0x0000,0x0000,0x0000,0x0000,0x0000,0x0000,0x0000,0x0000,0x0000,0x0000,0x0000,
  0x0000,0x0000,0x0000,0x0000,0x0000,0x0000,0x0000,0x0000,0x0000,0x0000,0x0000,0x0000,0x0000,0x0000,0x0000,0x0000,
  0x0062,0x01AC,0x01AC,0x01AC,0x018C,0x01CD,0x03DD,0x03DF,0x9E7F,0xFFFF,0xFFFF,0x65BF,0x03BF,0xCF3F,0xFFFF,0x9E7F,
  0x037F,0xBEFF,0xFFFF,0xFFFF,0x659F,0x03FF,0x037A,0x018C,0x01AC,0x01AC,0x01AC,0x018B,0x0000,0x0000,0x0000,0x0000,
  0x0000,0x0000,0x0000,0x0000,0x0000,0x0000,0x0000,0x0000,0x0000,0x0000,0x0000,0x0000,0x0000,0x0000,0x0000,0x0000,
  0x0000,0x0000,0x0000,0x0000,0x0000,0x0000,0x0000,0x0000,0x0000,0x0000,0x0000,0x0000,0x0000,0x0000,0x0000,0x0000,
  0x00C6,0x01AD,0x01AC,0x01AC,0x016B,0x0293,0x045F,0x03DF,0x3CFF,0xFFFF,0xFFFF,0xFFFF,0x34DF,0xBEFF,0xFFFF,0x863F,
  0x555F,0xFFFF,0xFFFF,0xE79F,0x1C7F,0x03FF,0x041F,0x0210,0x018B,0x01AC,0x01AC,0x01AD,0x0063,0x0000,0x0000,0x0000,
  0x0000,0x0000,0x0000,0x0000,0x0000,0x0000,0x0000,0x0000,0x0000,0x0000,0x0000,0x0000,0x0000,0x0000,0x0000,0x0000,
  0x0000,0x0000,0x0000,0x0000,0x0000,0x0000,0x0000,0x0000,0x0000,0x0000,0x0000,0x0000,0x0000,0x0000,0x0000,0x0000,
  0x0128,0x01AD,0x01AC,0x01AC,0x018B,0x0359,0x043F,0x041F,0x03DF,0x6DBF,0xFFFF,0xFFFF,0xDF7F,0xDF7F,0xFFFF,0xCF3F,
  0xEFBF,0xFFFF,0xFFFF,0x451F,0x03DF,0x041F,0x043F,0x02D5,0x016B,0x01AC,0x018C,0x01CD,0x00A5,0x0000,0x0000,0x0000,
  0x0000,0x0000,0x0000,0x0000,0x0000,0x0000,0x0000,0x0000,0x0000,0x0000,0x0000,0x0000,0x0000,0x0000,0x0000,0x0000,
  0x0000,0x0000,0x0000,0x0000,0x0000,0x0000,0x0000,0x0000,0x0000,0x0000,0x0000,0x0000,0x0000,0x0000,0x0000,0x0000,
  0x014A,0x01AD,0x01AC,0x01AC,0x01AD,0x03BC,0x043F,0x041F,0x041F,0x03DF,0x9E7F,0xFFFF,0xFFFF,0xFFFF,0xFFFF,0xFFFF,
  0xFFFF,0xFFFF,0x6DDF,0x03DF,0x043F,0x041F,0x043F,0x0359,0x018B,0x01AC,0x018C,0x01AD,0x00E7,0x0000,0x0000,0x0000,
  0x0000,0x0000,0x0000,0x0000,0x0000,0x0000,0x0000,0x0000,0x0000,0x0000,0x0000,0x0000,0x0000,0x0000,0x0000,0x0000,
  0x0000,0x0000,0x0000,0x0000,0x0000,0x0000,0x0000,0x0000,0x0000,0x0000,0x0000,0x0000,0x0000,0x0000,0x0000,0x0000,
  0x018B,0x01AC,0x01AC,0x018C,0x01EF,0x03FE,0x041F,0x041F,0x041F,0x041F,0x0C1F,0xC71F,0xFFFF,0xFFFF,0xFFFF,0xFFFF,
  0xFFFF,0x9E7F,0x03DF,0x041F,0x041F,0x041F,0x043F,0x03BC,0x01AC,0x01AC,0x01AC,0x01AD,0x0128,0x0000,0x0000,0x0000,
  0x0000,0x0000,0x0000,0x0000,0x0000,0x0000,0x0000,0x0000,0x0000,0x0000,0x0000,0x0000,0x0000,0x0000,0x0000,0x0000,
  0x0000,0x0000,0x0000,0x0000,0x0000,0x0000,0x0000,0x0000,0x0000,0x0000,0x0000,0x0000,0x0000,0x0000,0x0000,0x0000,
  0x018C,0x01AC,0x01AC,0x018B,0x0210,0x041F,0x041F,0x041F,0x041F,0x041F,0x03FF,0x1C9F,0xDF7F,0xFFFF,0xFFFF,0xFFFF,
  0xBEFF,0x0C1F,0x041F,0x041F,0x041F,0x041F,0x043F,0x03DD,0x01CD,0x018C,0x01AC,0x01AD,0x0129,0x0000,0x0000,0x0000,
  0x0000,0x0000,0x0000,0x0000,0x0000,0x0000,0x0000,0x0000,0x0000,0x0000,0x0000,0x0000,0x0000,0x0000,0x0000,0x0000,
  0x0000,0x0000,0x0000,0x0000,0x0000,0x0000,0x0000,0x0000,0x0000,0x0000,0x0000,0x0000,0x0000,0x0000,0x0000,0x0000,
  0x01AC,0x01AC,0x01AC,0x018B,0x0230,0x043F,0x041F,0x041F,0x041F,0x041F,0x043F,0x03BF,0x861F,0xFFFF,0xFFFF,0xFFFF,
  0x4D5F,0x03DF,0x043F,0x041F,0x041F,0x041F,0x041F,0x03FE,0x01CD,0x018C,0x01AC,0x01AD,0x0149,0x0000,0x0000,0x0000,
  0x0000,0x0000,0x0000,0x0000,0x0000,0x0000,0x0000,0x0000,0x0000,0x0000,0x0000,0x0000,0x0000,0x0000,0x0000,0x0000,
  0x0000,0x0000,0x0000,0x0000,0x0000,0x0000,0x0000,0x0000,0x0000,0x0000,0x0000,0x0000,0x0000,0x0000,0x0000,0x0000,
  0x018C,0x01AC,0x01AC,0x018B,0x0210,0x041F,0x041F,0x041F,0x041F,0x043F,0x03DF,0x3CFF,0xF7DF,0xFFFF,0xFFFF,0xFFFF,
  0xDF7F,0x1C7F,0x03FF,0x041F,0x041F,0x041F,0x043F,0x03DD,0x01CD,0x018C,0x01AC,0x01AD,0x0129,0x0000,0x0000,0x0000,
  0x0000,0x0000,0x0000,0x0000,0x0000,0x0000,0x0000,0x0000,0x0000,0x0000,0x0000,0x0000,0x0000,0x0000,0x0000,0x0000,
  0x0000,0x0000,0x0000,0x0000,0x0000,0x0000,0x0000,0x0000,0x0000,0x0000,0x0000,0x0000,0x0000,0x0000,0x0000,0x0000,
  0x016B,0x01AC,0x01AC,0x018C,0x01EE,0x03FE,0x041F,0x041F,0x041F,0x03FF,0x1C7F,0xE79F,0xFFFF,0xFFFF,0xFFFF,0xFFFF,
  0xFFFF,0xBF1F,0x041F,0x041F,0x041F,0x041F,0x043F,0x039B,0x01AC,0x01AC,0x01AC,0x01AD,0x0128,0x0000,0x0000,0x0000,
  0x0000,0x0000,0x0000,0x0000,0x0000,0x0000,0x0000,0x0000,0x0000,0x0000,0x0000,0x0000,0x0000,0x0000,0x0000,0x0000,
  0x0000,0x0000,0x0000,0x0000,0x0000,0x0000,0x0000,0x0000,0x0000,0x0000,0x0000,0x0000,0x0000,0x0000,0x0000,0x0000,
  0x014A,0x01AD,0x01AC,0x01AC,0x01AC,0x03BC,0x043F,0x041F,0x041F,0x041F,0xBEFF,0xFFFF,0xFFFF,0xFFFF,0xFFFF,0xFFFF,
  0xFFFF,0xFFFF,0x965F,0x03DF,0x041F,0x041F,0x043F,0x0339,0x018B,0x01AC,0x018C,0x01AD,0x00E7,0x0000,0x0000,0x0000,
  0x0000,0x0000,0x0000,0x0000,0x0000,0x0000,0x0000,0x0000,0x0000,0x0000,0x0000,0x0000,0x0000,0x0000,0x0000,0x0000,
  0x0000,0x0000,0x0000,0x0000,0x0000,0x0000,0x0000,0x0000,0x0000,0x0000,0x0000,0x0000,0x0000,0x0000,0x0000,0x0000,
  0x0108,0x01AD,0x018C,0x01AC,0x016B,0x0338,0x043F,0x041F,0x03DF,0x965F,0xFFFF,0xFFFF,0xBEFF,0xCF3F,0xFFFF,0xB6DF,
  0xD75F,0xFFFF,0xFFFF,0x659F,0x03DF,0x041F,0x043F,0x02B4,0x016B,0x01AC,0x018C,0x01CD,0x00A5,0x0000,0x0000,0x0000,
  0x0000,0x0000,0x0000,0x0000,0x0000,0x0000,0x0000,0x0000,0x0000,0x0000,0x0000,0x0000,0x0000,0x0000,0x0000,0x0000,
  0x0000,0x0000,0x0000,0x0000,0x0000,0x0000,0x0000,0x0000,0x0000,0x0000,0x0000,0x0000,0x0000,0x0000,0x0000,0x0000,
  0x00A5,0x01AD,0x01AC,0x01AC,0x018B,0x0252,0x043F,0x03DF,0x557F,0xFFFF,0xFFFF,0xEF9F,0x1C5F,0xBEFF,0xFFFF,0x8E3F,
  0x34DF,0xF7BF,0xFFFF,0xF7DF,0x2CDF,0x03FF,0x041E,0x01EF,0x018C,0x01AC,0x01AC,0x01AC,0x0062,0x0000,0x0000,0x0000,
  0x0000,0x0000,0x0000,0x0000,0x0000,0x0000,0x0000,0x0000,0x0000,0x0000,0x0000,0x0000,0x0000,0x0000,0x0000,0x0000,
  0x0000,0x0000,0x0000,0x0000,0x0000,0x0000,0x0000,0x0000,0x0000,0x0000,0x0000,0x0000,0x0000,0x0000,0x0000,0x0000,
  0x0042,0x018C,0x01AC,0x01AC,0x01AC,0x01AC,0x03BC,0x03DF,0x9E7F,0xFFFF,0xFFFF,0x451F,0x03BF,0xCF3F,0xFFFF,0x9E7F,
  0x037F,0xBEFF,0xFFFF,0xFFFF,0x659F,0x03FF,0x0358,0x018B,0x01AC,0x01AC,0x01AD,0x016B,0x0000,0x0000,0x0000,0x0000,
  0x0000,0x0000,0x0000,0x0000,0x0000,0x0000,0x0000,0x0000,0x0000,0x0000,0x0000,0x0000,0x0000,0x0000,0x0000,0x0000,
  0x0000,0x0000,0x0000,0x0000,0x0000,0x0000,0x0000,0x0000,0x0000,0x0000,0x0000,0x0000,0x0000,0x0000,0x0000,0x0000,
  0x0000,0x014A,0x01AD,0x01AC,0x01AC,0x016B,0x0272,0x041F,0x34DF,0xCF3F,0x659F,0x03DF,0x03FF,0xC71F,0xFFFF,0x863F,
  0x555F,0xFFFF,0xFFFF,0xE79F,0x1C7F,0x03FF,0x020F,0x018C,0x01AC,0x018C,0x01AD,0x0107,0x0000,0x0000,0x0000,0x0000,
  0x0000,0x0000,0x0000,0x0000,0x0000,0x0000,0x0000,0x0000,0x0000,0x0000,0x0000,0x0000,0x0000,0x0000,0x0000,0x0000,
  0x0000,0x0000,0x0000,0x0000,0x0000,0x0000,0x0000,0x0000,0x0000,0x0000,0x0000,0x0000,0x0000,0x0000,0x0000,0x0000,
  0x0000,0x00A5,0x01CD,0x018C,0x01AC,0x01AC,0x018B,0x0339,0x043F,0x03FF,0x03FF,0x043F,0x03FF,0xCF3F,0xFFFF,0xCF3F,
  0xEFBF,0xFFFF,0xFFFF,0x44FF,0x041F,0x02D5,0x016B,0x01AC,0x01AC,0x01AC,0x01AD,0x0063,0x0000,0x0000,0x0000,0x0000,
  0x0000,0x0000,0x0000,0x0000,0x0000,0x0000,0x0000,0x0000,0x0000,0x0000,0x0000,0x0000,0x0000,0x0000,0x0000,0x0000,
  0x0000,0x0000,0x0000,0x0000,0x0000,0x0000,0x0000,0x0000,0x0000,0x0000,0x0000,0x0000,0x0000,0x0000,0x0000,0x0000,
  0x0000,0x0021,0x018B,0x01AC,0x01AC,0x01AC,0x018C,0x01AD,0x039B,0x045F,0x041F,0x041F,0x03FF,0xCF3F,0xFFFF,0xFFFF,
  0xFFFF,0xFFFF,0x6DBF,0x041F,0x0338,0x018B,0x01AC,0x01AC,0x01AC,0x01AD,0x0149,0x0000,0x0000,0x0000,0x0000,0x0000,
  0x0000,0x0000,0x0000,0x0000,0x0000,0x0000,0x0000,0x0000,0x0000,0x0000,0x0000,0x0000,0x0000,0x0000,0x0000,0x0000,
  0x0000,0x0000,0x0000,0x0000,0x0000,0x0000,0x0000,0x0000,0x0000,0x0000,0x0000,0x0000,0x0000,0x0000,0x0000,0x0000,
  0x0000,0x0000,0x00C6,0x01AD,0x018C,0x01AC,0x01AC,0x018C,0x01AD,0x0359,0x043F,0x043F,0x03FF,0xCF3F,0xFFFF,0xF7DF,
  0xFFFF,0x9EBF,0x03FF,0x0316,0x018C,0x01AC,0x01AC,0x01AC,0x01AC,0x01CD,0x0084,0x0000,0x0000,0x0000,0x0000,0x0000,
  0x0000,0x0000,0x0000,0x0000,0x0000,0x0000,0x0000,0x0000,0x0000,0x0000,0x0000,0x0000,0x0000,0x0000,0x0000,0x0000,
  0x0000,0x0000,0x0000,0x0000,0x0000,0x0000,0x0000,0x0000,0x0000,0x0000,0x0000,0x0000,0x0000,0x0000,0x0000,0x0000,
  0x0000,0x0000,0x0000,0x016B,0x01AD,0x018C,0x01AC,0x01AC,0x018C,0x018C,0x0293,0x03BB,0x03FF,0xCF3F,0xFFFF,0xFFFF,
  0xC71F,0x0359,0x0210,0x014A,0x016B,0x016B,0x016B,0x016B,0x018C,0x00C6,0x0000,0x0000,0x0000,0x0000,0x0000,0x0000,
  0x0000,0x0000,0x0000,0x0000,0x0000,0x0000,0x0000,0x0000,0x0000,0x0000,0x0000,0x0000,0x0000,0x0000,0x0000,0x0000,
  0x0000,0x0000,0x0000,0x0000,0x0000,0x0000,0x0000,0x0000,0x0000,0x0000,0x0000,0x0000,0x0000,0x0000,0x0000,0x0000,
  0x0000,0x0000,0x0000,0x0063,0x01AD,0x01AC,0x01AC,0x01AC,0x01AC,0x01AC,0x016B,0x01AC,0x01EF,0xCEDD,0xFFFF,0xE75D,
  0x1A6F,0x1A0D,0x5B31,0x4B31,0x5331,0x5331,0x5331,0x4B31,0x5331,0x82A9,0x8288,0x8288,0x8288,0x8288,0x8288,0x8288,
  0x8288,0x8288,0x8AA8,0x1881,0x0000,0x0000,0x0000,0x0000,0x0000,0x0000,0x0000,0x0000,0x0000,0x0000,0x0000,0x0000,
  0x0000,0x0000,0x0000,0x0000,0x0000,0x0000,0x0000,0x0000,0x0000,0x0000,0x0000,0x0000,0x0000,0x0000,0x0000,0x0000,
  0x0000,0x0000,0x0000,0x0000,0x00A5,0x01CD,0x018C,0x01AC,0x01AC,0x01AC,0x01AC,0x01AC,0x014B,0x5BF3,0xCEBC,0x3B31,
  0x0109,0x3AD0,0x9C96,0x8C55,0x8C75,0x9475,0x8C75,0x8C75,0xCC70,0xF48E,0xEC8E,0xEC8E,0xEC8E,0xEC8E,0xEC8E,0xEC8E,
  0xEC8E,0xEC8E,0xF4AF,0x30E3,0x0000,0x0000,0x0000,0x0000,0x0000,0x0000,0x0000,0x0000,0x0000,0x0000,0x0000,0x0000,
  0x0000,0x0000,0x0000,0x0000,0x0000,0x0000,0x0000,0x0000,0x0000,0x0000,0x0000,0x0000,0x0000,0x0000,0x0000,0x0000,
  0x0000,0x0000,0x0000,0x0000,0x0000,0x00C6,0x01AD,0x01AC,0x018C,0x01AC,0x01AC,0x01AC,0x01AC,0x016C,0x01AC,0x016C,
  0x018B,0x32AF,0x8C55,0x8414,0x8414,0x7C14,0x7C14,0xBC2F,0xE42C,0xDC2D,0xDC2D,0xDC2D,0xDC2D,0xDC2D,0xDC2D,0xD40D,
  0xDC2D,0xDC2D,0xE44D,0x28E2,0x0000,0x0000,0x0000,0x0000,0x0000,0x0000,0x0000,0x0000,0x0000,0x0000,0x0000,0x0000,
  0x0000,0x0000,0x0000,0x0000,0x0000,0x0000,0x0000,0x0000,0x0000,0x0000,0x0000,0x0000,0x0000,0x0000,0x0000,0x0000,
  0x0000,0x0000,0x0000,0x0000,0x0000,0x0000,0x00A5,0x01AC,0x01AD,0x018C,0x018C,0x01AC,0x01AC,0x01AC,0x01AC,0x01AC,
  0x016B,0x32AF,0x9475,0x8434,0x8455,0x9C95,0xCC50,0xE42D,0xDC4D,0xDC4D,0xDC4D,0xDC4D,0xDC4D,0xDC2D,0xEC6E,0xEC8E,
  0xDC4D,0xDC2D,0xE46E,0x28E2,0x0000,0x0000,0x0000,0x0000,0x0000,0x0000,0x0000,0x0000,0x0000,0x0000,0x0000,0x0000,
  0x0000,0x0000,0x0000,0x0000,0x0000,0x0000,0x0000,0x0000,0x0000,0x0000,0x0000,0x0000,0x0000,0x0000,0x0000,0x0000,
  0x0000,0x0000,0x0000,0x0000,0x0000,0x0000,0x0000,0x0042,0x0149,0x01AD,0x01AD,0x01AC,0x01AC,0x018C,0x01AC,0x01AC,
  0x018C,0x32B0,0x8C55,0x8455,0x8BD0,0x49A6,0xAB4A,0xE46E,0xDC2D,0xDC4D,0xDC4D,0xDC4D,0xDC2D,0xEC6E,0x8AA8,0x59A5,
  0xDC2D,0xDC4D,0xE46E,0x30E3,0x0000,0x0000,0x0000,0x0000,0x0000,0x0000,0x0000,0x0000,0x0000,0x0000,0x0000,0x0000,
  0x0000,0x0000,0x0000,0x0000,0x0000,0x0000,0x0000,0x0000,0x0000,0x0000,0x0000,0x0000,0x0000,0x0000,0x0000,0x0000,
  0x0000,0x0000,0x0000,0x0000,0x0000,0x0000,0x0000,0x0000,0x0000,0x0084,0x0128,0x018B,0x01AC,0x01AD,0x018C,0x016B,
  0x0108,0x326E,0xAC72,0xD44F,0xB36A,0x0000,0x7A68,0xEC8E,0xDC2D,0xDC4D,0xDC4D,0xDC4D,0xDC2D,0xF4AE,0x4964,0x0000,
  0xD40D,0xDC4D,0xE46E,0x20A2,0x0000,0x0000,0x0000,0x0000,0x0000,0x0000,0x0000,0x0000,0x0000,0x0000,0x0000,0x0000,
  0x0000,0x0000,0x0000,0x0000,0x0000,0x0000,0x0000,0x0000,0x0000,0x0000,0x0000,0x0000,0x0000,0x0000,0x0000,0x0000,
  0x0000,0x0000,0x0000,0x0000,0x0000,0x0000,0x0000,0x0000,0x0000,0x0000,0x0000,0x0021,0x0063,0x0084,0x5229,0x934D,
  0x82CA,0xAB4A,0xE44D,0xEC6D,0xB36B,0x0020,0x8AA8,0xEC8E,0xDC2D,0xDC4D,0xDC4D,0xDC4D,0xDC2D,0xEC8E,0x59A5,0x0820,
  0xD40D,0xE44D,0xE44D,0x9AE9,0x8288,0x92C8,0x3103,0x0000,0x0000,0x0000,0x0000,0x0000,0x0000,0x0000,0x0000,0x0000,
  0x0000,0x0000,0x0000,0x0000,0x0000,0x0000,0x0000,0x0000,0x0000,0x0000,0x0000,0x0000,0x0000,0x0000,0x0000,0x0000,
  0x0000,0x0000,0x0000,0x0000,0x0000,0x0000,0x0000,0x0000,0x0000,0x0000,0x0000,0x0000,0x0000,0x0000,0x92A8,0xFCCE,
  0xEC6D,0xEC6E,0xDC2D,0xEC6E,0xB36A,0x0000,0x8267,0xEC8E,0xDC2D,0xDC4D,0xDC4D,0xDC4D,0xDC2D,0xF4AE,0x4964,0x0000,
  0xD40D,0xE44D,0xDC2D,0xEC8E,0xEC8E,0xFCEF,0x59C5,0x0000,0x0000,0x0000,0x0000,0x0000,0x0000,0x0000,0x0000,0x0000,
  0x0000,0x0000,0x0000,0x0000,0x0000,0x0000,0x0000,0x0000,0x0000,0x0000,0x0000,0x0000,0x0000,0x0000,0x0000,0x0000,
  0x0000,0x0000,0x0000,0x0000,0x0000,0x0000,0x0000,0x0000,0x0000,0x0000,0x0000,0x0000,0x0000,0x0000,0x8288,0xE46E,
  0xD40D,0xDC2D,0xDC4D,0xE44D,0xCBEC,0x8288,0xBB8B,0xE46E,0xDC2D,0xDC4D,0xDC4D,0xDC4D,0xDC2D,0xE46E,0xA32A,0x8288,
  0xDC2D,0xE44D,0xDC4D,0xDC0D,0xD40C,0xE46E,0x51A5,0x0000,0x0000,0x0000,0x0000,0x0000,0x0000,0x0000,0x0000,0x0000,
  0x0000,0x0000,0x0000,0x0000,0x0000,0x0000,0x0000,0x0000,0x0000,0x0000,0x0000,0x0000,0x0000,0x0000,0x0000,0x0000,
  0x0000,0x0000,0x0000,0x0000,0x0000,0x0000,0x0000,0x0000,0x0000,0x0000,0x0000,0x0000,0x0000,0x0000,0x92C8,0xFCEF,
  0xEC8E,0xEC6E,0xDC2D,0xDC4D,0xE44D,0xEC8E,0xE46E,0xDC2D,0xDC4D,0xDC4D,0xDC4D,0xDC4D,0xDC4D,0xDC2D,0xEC6E,0xEC8E,
  0xDC4D,0xDC4D,0xDC4D,0xEC8E,0xEC8E,0xFCEF,0x59C5,0x0000,0x0000,0x0000,0x0000,0x0000,0x0000,0x0000,0x0000,0x0000,
  0x0000,0x0000,0x0000,0x0000,0x0000,0x0000,0x0000,0x0000,0x0000,0x0000,0x0000,0x0000,0x0000,0x0000,0x0000,0x0000,
  0x0000,0x0000,0x0000,0x0000,0x0000,0x0000,0x0000,0x0000,0x0000,0x0000,0x0000,0x0000,0x0000,0x0000,0x3103,0x61C6,
  0x51A5,0x8AA8,0xEC6E,0xDC2D,0xDC4D,0xDC2D,0xDC2D,0xDC4D,0xDC4D,0xDC4D,0xDC4D,0xDC4D,0xDC4D,0xDC4D,0xDC2D,0xDC2D,
  0xDC4D,0xDC2D,0xE44D,0x7227,0x51A5,0x61C5,0x20A2,0x0000,0x0000,0x0000,0x0000,0x0000,0x0000,0x0000,0x0000,0x0000,
  0x0000,0x0000,0x0000,0x0000,0x0000,0x0000,0x0000,0x0000,0x0000,0x0000,0x0000,0x0000,0x0000,0x0000,0x0000,0x0000,
  0x0000,0x0000,0x0000,0x0000,0x0000,0x0000,0x0000,0x0000,0x0000,0x0000,0x0000,0x0000,0x0000,0x0000,0x0000,0x0000,
  0x0000,0x4984,0xF48E,0xDC2D,0xDC4D,0xDC4D,0xDC4D,0xDC4D,0xDC4D,0xDC4D,0xDC4D,0xDC4D,0xDC4D,0xDC4D,0xDC4D,0xDC4D,
  0xDC4D,0xDC2D,0xE46E,0x20A2,0x0000,0x0000,0x0000,0x0000,0x0000,0x0000,0x0000,0x0000,0x0000,0x0000,0x0000,0x0000,
  0x0000,0x0000,0x0000,0x0000,0x0000,0x0000,0x0000,0x0000,0x0000,0x0000,0x0000,0x0000,0x0000,0x0000,0x0000,0x0000,
  0x0000,0x0000,0x0000,0x0000,0x0000,0x0000,0x0000,0x0000,0x0000,0x0000,0x0000,0x0000,0x0000,0x0000,0x0000,0x0820,
  0x0000,0x59A5,0xEC6E,0xDC2D,0xDC2D,0xDC2D,0xDC2D,0xDC4D,0xDC2D,0xDC2D,0xDC2D,0xDC2D,0xDC2D,0xDC4D,0xDC2D,0xDC2D,
  0xDC4D,0xDC2D,0xE44D,0x30E3,0x0000,0x0000,0x0000,0x0000,0x0000,0x0000,0x0000,0x0000,0x0000,0x0000,0x0000,0x0000,
  0x0000,0x0000,0x0000,0x0000,0x0000,0x0000,0x0000,0x0000,0x0000,0x0000,0x0000,0x0000,0x0000,0x0000,0x0000,0x0000,
  0x0000,0x0000,0x0000,0x0000,0x0000,0x0000,0x0000,0x0000,0x0000,0x0000,0x0000,0x0000,0x0000,0x0000,0x0000,0x0000,
  0x0000,0x59C5,0xFCEF,0xDC2D,0xE44D,0xEC8E,0xE46E,0xDC4D,0xEC8E,0xEC8E,0xEC8E,0xEC8E,0xEC8E,0xDC2D,0xEC6E,0xEC8E,
  0xDC4D,0xE44D,0xF4CF,0x30E3,0x0000,0x0000,0x0000,0x0000,0x0000,0x0000,0x0000,0x0000,0x0000,0x0000,0x0000,0x0000,
  0x0000,0x0000,0x0000,0x0000,0x0000,0x0000,0x0000,0x0000,0x0000,0x0000,0x0000,0x0000,0x0000,0x0000,0x0000,0x0000,
  0x0000,0x0000,0x0000,0x0000,0x0000,0x0000,0x0000,0x0000,0x0000,0x0000,0x0000,0x0000,0x0000,0x0000,0x0000,0x0000,
  0x0000,0x20A2,0x59C5,0xC3CC,0xCBCC,0x59A5,0xAB4A,0xE44D,0x59C5,0x59A5,0x59A5,0x59A5,0x7227,0xEC8E,0x8AA8,0x59A5,
  0xE44D,0xAB4A,0x59C5,0x1061,0x0000,0x0000,0x0000,0x0000,0x0000,0x0000,0x0000,0x0000,0x0000,0x0000,0x0000,0x0000,
  0x0000,0x0000,0x0000,0x0000,0x0000,0x0000,0x0000,0x0000,0x0000,0x0000,0x0000,0x0000,0x0000,0x0000,0x0000,0x0000,
  0x0000,0x0000,0x0000,0x0000,0x0000,0x0000,0x0000,0x0000,0x0000,0x0000,0x0000,0x0000,0x0000,0x0000,0x0000,0x0000,
  0x0000,0x0000,0x0000,0xBB8B,0xBB8B,0x0000,0x8288,0xE44D,0x0000,0x0000,0x0000,0x0000,0x1881,0xFCCF,0x4964,0x0000,
  0xE46E,0x8288,0x0000,0x0000,0x0000,0x0000,0x0000,0x0000,0x0000,0x0000,0x0000,0x0000,0x0000,0x0000,0x0000,0x0000,
  0x0000,0x0000,0x0000,0x0000,0x0000,0x0000,0x0000,0x0000,0x0000,0x0000,0x0000,0x0000,0x0000,0x0000,0x0000,0x0000,
  0x0000,0x0000,0x0000,0x0000,0x0000,0x0000,0x0000,0x0000,0x0000,0x0000,0x0000,0x0000,0x0000,0x0000,0x0000,0x0000,
  0x0000,0x0000,0x0000,0xB38B,0xBB8B,0x0000,0x8A88,0xDC4D,0x0840,0x0000,0x0020,0x0000,0x28C2,0xF4AE,0x51A5,0x0000,
  0xE44D,0x8A88,0x0000,0x0000,0x0000,0x0000,0x0000,0x0000,0x0000,0x0000,0x0000,0x0000,0x0000,0x0000,0x0000,0x0000,
  0x0000,0x0000,0x0000,0x0000,0x0000,0x0000,0x0000,0x0000,0x0000,0x0000,0x0000,0x0000,0x0000,0x0000,0x0000,0x0000,
  0x0000,0x0000,0x0000,0x0000,0x0000,0x0000,0x0000,0x0000,0x0000,0x0000,0x0000,0x0000,0x0000,0x0000,0x0000,0x0000,
  0x0000,0x0000,0x0000,0xC3CC,0xCBEC,0x0000,0x92C9,0xF4AE,0x0000,0x0000,0x0000,0x0000,0x28E2,0xFD10,0x59A5,0x0000,
  0xF4AF,0x92C8,0x0000,0x0000,0x0000,0x0000,0x0000,0x0000,0x0000,0x0000,0x0000,0x0000,0x0000,0x0000,0x0000,0x0000,
  0x0000,0x0000,0x0000,0x0000,0x0000,0x0000,0x0000,0x0000,0x0000,0x0000,0x0000,0x0000,0x0000,0x0000,0x0000,0x0000,
  0x0000,0x0000,0x0000,0x0000,0x0000,0x0000,0x0000,0x0000,0x0000,0x0000,0x0000,0x0000,0x0000,0x0000,0x0000,0x0000,
  0x0000,0x0000,0x0000,0x4964,0x4964,0x0000,0x3103,0x59A5,0x0000,0x0000,0x0000,0x0000,0x1041,0x61C6,0x20A2,0x0000,
  0x59C5,0x3103,0x0000,0x0000,0x0000,0x0000,0x0000,0x0000,0x0000,0x0000,0x0000,0x0000,0x0000,0x0000,0x0000,0x0000,
  0x0000,0x0000,0x0000,0x0000,0x0000,0x0000,0x0000,0x0000,0x0000,0x0000,0x0000,0x0000,0x0000,0x0000,0x0000,0x0000,
  0x0000,0x0000,0x0000,0x0000,0x0000,0x0000,0x0000,0x0000,0x0000,0x0000,0x0000,0x0000,0x0000,0x0000,0x0000,0x0000,
  0x0000,0x0000,0x0000,0x0000,0x0000,0x0000,0x0000,0x0000,0x0000,0x0000,0x0000,0x0000,0x0000,0x0000,0x0000,0x0000,
  0x0000,0x0000,0x0000,0x0000,0x0000,0x0000,0x0000,0x0000,0x0000,0x0000,0x0000,0x0000,0x0000,0x0000,0x0000,0x0000,
  0x0000,0x0000,0x0000,0x0000,0x0000,0x0000,0x0000,0x0000,0x0000,0x0000,0x0000,0x0000,0x0000,0x0000,0x0000,0x0000,
  0x0000,0x0000,0x0000,0x0000,0x0000,0x0000,0x0000,0x0000,0x0000,0x0000,0x0000,0x0000,0x0000,0x0000,0x0000,0x0000,
  0x0000,0x0000,0x0000,0x0000,0x0000,0x0000,0x0000,0x0000,0x0000,0x0000,0x0000,0x0000,0x0000,0x0000,0x0000,0x0000,
  0x0000,0x0000,0x0000,0x0000,0x0000,0x0000,0x0000,0x0000,0x0000,0x0000,0x0000,0x0000,0x0000,0x0000,0x0000,0x0000,
  0x0000,0x0000,0x0000,0x0000,0x0000,0x0000,0x0000,0x0000,0x0000,0x0000,0x0000,0x0000,0x0000,0x0000,0x0000,0x0000,
  0x0000,0x0000,0x0000,0x0000,0x0000,0x0000,0x0000,0x0000,0x0000,0x0000,0x0000,0x0000,0x0000,0x0000,0x0000,0x0000,
  0x0000,0x0000,0x0000,0x0000,0x0000,0x0000,0x0000,0x0000,0x0000,0x0000,0x0000,0x0000,0x0000,0x0000,0x0000,0x0000,
  0x0000,0x0000,0x0000,0x0000,0x0000,0x0000,0x0000,0x0000,0x0000,0x0000,0x0000,0x0000,0x0000,0x0000,0x0000,0x0000,
  0x0000,0x0000,0x0000,0x0000,0x0000,0x0000,0x0000,0x0000,0x0000,0x0000,0x0000,0x0000,0x0000,0x0000,0x0000,0x0000,
  0x0000,0x0000,0x0000,0x0000,0x0000,0x0000,0x0000,0x0000,0x0000,0x0000,0x0000,0x0000,0x0000,0x0000,0x0000,0x0000,
  0x0000,0x0000,0x0000,0x0000,0x0000,0x0000,0x0000,0x0000,0x0000,0x0000,0x0000,0x0000,0x0000,0x0000,0x0000,0x0000,
  0x0000,0x0000,0x0000,0x0000,0x0000,0x0000,0x0000,0x0000,0x0000,0x0000,0x0000,0x0000,0x0000,0x0000,0x0000,0x0000,
  0x0000,0x0000,0x0000,0x0000,0x0000,0x0000,0x0000,0x0000,0x0000,0x0000,0x0000,0x0000,0x0000,0x0000,0x0000,0x0000,
  0x0000,0x0000,0x0000,0x0000,0x0000,0x0000,0x0000,0x0000,0x0000,0x0000,0x0000,0x0000,0x0000,0x0000,0x0000,0x0000,
  0x0000,0x0000,0x0000,0x0000,0x0000,0x0000,0x0000,0x0000,0x0000,0x0000,0x0000,0x0000,0x0000,0x0000,0x0000,0x0000,
  0x0000,0x0000,0x0000,0x0000,0x0000,0x0000,0x0000,0x0000,0x0000,0x0000,0x0000,0x0000,0x0000,0x0000,0x0000,0x0000,
  0x0000,0x0000,0x0000,0x0000,0x0000,0x0000,0x0000,0x0000,0x0000,0x0000,0x0000,0x0000,0x0000,0x0000,0x0000,0x0000,
  0x0000,0x0000,0x0000,0x0000,0x0000,0x0000,0x0000,0x0000,0x0000,0x0000,0x0000,0x0000,0x0000,0x0000,0x0000,0x0000,
  0x0000,0x0000,0x0000,0x0000,0x0000,0x0000,0x0000,0x0000,0x0000,0x0000,0x0000,0x0000,0x0000,0x0000,0x0000,0x0000,
  0x0000,0x0000,0x0000,0x0000,0x0000,0x0000,0x0000,0x0000,0x0000,0x0000,0x0000,0x0000,0x0000,0x0000,0x0000,0x0000,
  0x0000,0x0000,0x0000,0x0000,0x0000,0x0000,0x0000,0x0000,0x0000,0x0000,0x0000,0x0000,0x0000,0x0000,0x0000,0x0000,
  0x0000,0x0000,0x0000,0x0000,0x0000,0x0000,0x0000,0x0000,0x0000,0x0000,0x0000,0x0000,0x0000,0x0000,0x0000,0x0000,
  0x0000,0x0000,0x0000,0x0000,0x0000,0x0000,0x0000,0x0000,0x0000,0x0000,0x0000,0x0000,0x0000,0x0000,0x0000,0x0000,
  0x0000,0x0000,0x0000,0x0000,0x0000,0x0000,0x0000,0x0000,0x0000,0x0000,0x0000,0x0000,0x0000,0x0000,0x0000,0x0000,
  0x0000,0x0000,0x0000,0x0000,0x0000,0x0000,0x0000,0x0000,0x0000,0x0000,0x0000,0x0000,0x0000,0x0000,0x0000,0x0000,
  0x0000,0x0000,0x0000,0x0000,0x0000,0x0000,0x0000,0x0000,0x0000,0x0000,0x0000,0x0000,0x0000,0x0000,0x0000,0x0000,
  0x0000,0x0000,0x0000,0x0000,0x0000,0x0000,0x0000,0x0000,0x0000,0x0000,0x0000,0x0000,0x0000,0x0000,0x0000,0x0000,
  0x0000,0x0000,0x0000,0x0000,0x0000,0x0000,0x0000,0x0000,0x0000,0x0000,0x0000,0x0000,0x0000,0x0000,0x0000,0x0000,
  0x0000,0x0000,0x0000,0x0000,0x0000,0x0000,0x0000,0x0000,0x0000,0x0000,0x0000,0x0000,0x0000,0x0000,0x0000,0x0000,
  0x0000,0x0000,0x0000,0x0000,0x0000,0x0000,0x0000,0x0000,0x0000,0x0000,0x0000,0x0000,0x0000,0x0000,0x0000,0x0000,
  0x0000,0x0000,0x0000,0x0000,0x0000,0x0000,0x0000,0x0000,0x0000,0x0000,0x0000,0x0000,0x0000,0x0000,0x0000,0x0000,
  0x0000,0x0000,0x0000,0x0000,0x0000,0x0000,0x0000,0x0000,0x0000,0x0000,0x0000,0x0000,0x0000,0x0000,0x0000,0x0000,
  0x0000,0x0000,0x0000,0x0000,0x0000,0x0000,0x0000,0x0000,0x0000,0x0000,0x0000,0x0000,0x0000,0x0000,0x0000,0x0000,
};
